Date,Open,High,Low,Oil_Close,Adj Close**,Volume
30-Aug-22,96.9,97.66,90.54,91.64,91.64,"386,272"
29-Aug-22,92.96,97.37,92.29,97.01,97.01,"283,463"
26-Aug-22,93.06,94.02,91.08,93.06,93.06,"288,392"
25-Aug-22,95.35,95.76,92.29,92.52,92.52,"279,877"
24-Aug-22,93.78,95.4,92.79,94.89,94.89,"320,388"
23-Aug-22,90.55,94.22,90.42,93.74,93.74,"285,607"
22-Aug-22,89.65,91.26,86.6,90.23,90.23,"352,665"
19-Aug-22,90.39,92.09,88.38,90.77,90.77,"58,714"
18-Aug-22,87.39,91.46,87.32,90.5,90.5,"80,029"
17-Aug-22,87.1,89.16,85.88,88.11,88.11,"230,346"
16-Aug-22,87.93,90.65,85.73,86.53,86.53,"305,366"
15-Aug-22,91.94,92.1,86.82,89.41,89.41,"275,443"
12-Aug-22,94.09,94.81,91.16,92.09,92.09,"264,953"
11-Aug-22,91.55,95.05,91.24,94.34,94.34,"341,234"
10-Aug-22,90.51,92.43,87.66,91.93,91.93,"383,766"
9-Aug-22,90.69,92.65,89.05,90.5,90.5,"347,045"
8-Aug-22,88.46,90.89,87.22,90.76,90.76,"340,157"
5-Aug-22,88.06,90.76,87.01,89.01,89.01,"350,016"
4-Aug-22,90.95,91.9,87.55,88.54,88.54,"334,931"
3-Aug-22,93.83,96.57,90.38,90.66,90.66,"395,099"
2-Aug-22,93.75,96.47,92.59,94.42,94.42,"328,538"
1-Aug-22,98.46,98.65,92.42,93.89,93.89,"365,293"
29-Jul-22,97.3,101.88,96.41,98.62,98.62,"349,374"
28-Jul-22,98.17,99.84,96.04,96.42,96.42,"318,403"
27-Jul-22,95.6,98.59,94.3,97.26,97.26,"321,903"
26-Jul-22,96.33,99,94.76,94.98,94.98,"310,043"
25-Jul-22,95.1,96.94,93.01,96.7,96.7,"278,998"
22-Jul-22,96.51,97.95,94.23,94.7,94.7,"307,568"
21-Jul-22,99.91,99.99,94.59,96.35,96.35,"318,911"
20-Jul-22,103.6,104.39,101.51,102.26,102.26,"315,620"
19-Jul-22,102,104.46,99.85,104.22,104.22,"63,149"
18-Jul-22,97.27,102.8,95.85,102.6,102.6,"84,669"
15-Jul-22,96.39,99.03,94.57,97.59,97.59,"240,766"
14-Jul-22,96.57,97,90.56,95.78,95.78,"387,528"
13-Jul-22,95.89,97.96,93.67,96.3,96.3,"347,193"
12-Jul-22,103.46,103.49,95.35,95.84,95.84,"398,552"
11-Jul-22,104.79,105.05,100.89,104.09,104.09,"348,566"
8-Jul-22,102.22,105.24,101.51,104.79,104.79,"327,461"
7-Jul-22,98.22,104.48,96.57,102.73,102.73,"379,861"
6-Jul-22,100.36,102.14,95.1,98.53,98.53,"444,106"
5-Jul-22,108.8,111.45,97.43,99.5,99.5,"594,215"
4-Jul-22,-,-,-,-,-,-
1-Jul-22,106.01,109.34,104.56,108.43,108.43,"305,338"
30-Jun-22,109.7,110.45,105.1,105.76,105.76,"362,890"
29-Jun-22,111.86,114.05,109.22,109.78,109.78,"322,060"
28-Jun-22,110.18,112.22,109.62,111.76,111.76,"306,748"
27-Jun-22,107.22,110.54,105.6,109.57,109.57,"282,914"
24-Jun-22,103.99,108.58,103.64,107.62,107.62,"321,591"
23-Jun-22,104.42,107.05,102.32,104.27,104.27,"346,362"
22-Jun-22,109.54,109.76,101.53,106.19,106.19,"432,724"
21-Jun-22,110.58,112.47,108.72,110.65,110.65,"427,262"
20-Jun-22,110.58,110.95,108.72,110.27,110.27,"103,149"
17-Jun-22,117.08,118.97,108.25,109.56,109.56,"103,149"
16-Jun-22,115.98,118.08,112.31,117.59,117.59,"162,543"
15-Jun-22,119.07,119.61,114.6,115.31,115.31,"301,750"
14-Jun-22,121.09,123.68,116.62,118.93,118.93,"366,320"
13-Jun-22,120.19,122.25,117.47,120.93,120.93,"372,403"
10-Jun-22,121.46,122.75,118.33,120.67,120.67,"352,906"
9-Jun-22,122.43,122.72,120.79,121.51,121.51,"293,295"
8-Jun-22,119.79,123.18,119.3,122.11,122.11,"340,591"
7-Jun-22,119.1,120.36,117.14,119.41,119.41,"341,694"
6-Jun-22,120.82,120.99,117.63,118.5,118.5,"246,825"
3-Jun-22,117.55,120.46,115.23,118.87,118.87,"240,831"
2-Jun-22,114.8,117.77,111.2,116.87,116.87,"327,600"
1-Jun-22,115.4,117.87,114.58,115.26,115.26,"290,530"
31-May-22,114.96,119.98,114.15,114.67,114.67,"440,796"
30-May-22,-,-,-,-,-,-
27-May-22,114.2,115.3,112.85,115.07,115.07,"217,281"
26-May-22,110.69,114.83,110.27,114.09,114.09,"234,752"
25-May-22,110.39,111.68,109.23,110.33,110.33,"191,370"
24-May-22,110.41,111.43,108.61,109.77,109.77,"224,794"
23-May-22,110.56,111.96,109.15,110.29,110.29,"215,623"
20-May-22,111.45,114.04,110.85,113.23,113.23,"229,930"
19-May-22,109.09,112.62,105.13,112.21,112.21,"68,511"
18-May-22,113.66,115.42,108.46,109.59,109.59,"103,669"
17-May-22,113.87,115.56,111.75,112.4,112.4,"252,630"
16-May-22,110.98,114.9,108.11,114.2,114.2,"289,127"
13-May-22,106.65,110.64,106.29,110.49,110.49,"240,989"
12-May-22,105.63,107.37,102.66,106.13,106.13,"323,547"
11-May-22,99,106.44,98.2,105.71,105.71,"382,701"
10-May-22,102.65,104.16,98.86,99.76,99.76,"389,750"
9-May-22,110.43,110.49,102.13,103.09,103.09,"368,183"
6-May-22,108.7,111.18,107.24,109.77,109.77,"294,278"
5-May-22,107.58,111.37,106.45,108.26,108.26,"286,916"
4-May-22,103.5,108.61,102.95,107.81,107.81,"272,909"
3-May-22,105.08,105.8,102.1,102.41,102.41,"239,266"
2-May-22,104,105.94,100.28,105.17,105.17,"261,878"
29-Apr-22,105.17,107.99,103.78,104.69,104.69,"294,386"
28-Apr-22,102.11,105.68,100.13,105.36,105.36,"312,064"
27-Apr-22,101.76,102.99,99.8,102.02,102.02,"278,781"
26-Apr-22,98.64,102.78,97.06,101.7,101.7,"351,850"
25-Apr-22,101.38,101.55,95.28,98.54,98.54,"328,153"
22-Apr-22,104.07,104.22,101.06,102.07,102.07,"246,116"
21-Apr-22,102.5,105.42,102.01,103.79,103.79,"280,321"
20-Apr-22,103.05,104.16,100.7,102.75,102.75,"299,028"
19-Apr-22,107.75,108.92,102.1,102.56,102.56,"71,792"
18-Apr-22,107.03,109.81,106,108.21,108.21,"68,489"
14-Apr-22,104.2,107.64,102.12,106.95,106.95,"244,952"
13-Apr-22,100.91,104.47,99.87,104.25,104.25,"312,502"
12-Apr-22,95.17,101.35,94.84,100.6,100.6,"329,037"
11-Apr-22,98.4,98.52,92.93,94.29,94.29,"315,873"
8-Apr-22,97.17,98.76,95.29,98.26,98.26,"310,082"
7-Apr-22,97.16,98.82,93.81,96.03,96.03,"367,318"
6-Apr-22,101.24,104.02,95.73,96.23,96.23,"366,036"
5-Apr-22,103.66,105.59,99.88,101.96,101.96,"280,283"
4-Apr-22,98.95,103.94,98.05,103.28,103.28,"288,131"
1-Apr-22,101.23,101.75,97.78,99.27,99.27,"324,777"
31-Mar-22,107.45,107.8,99.66,100.28,100.28,"450,845"
30-Mar-22,105.24,108.75,104.55,107.82,107.82,"284,544"
29-Mar-22,103.47,107.84,98.44,104.24,104.24,"387,200"
28-Mar-22,112.92,112.93,102.83,105.96,105.96,"372,251"
25-Mar-22,111.75,114.12,108.68,113.9,113.9,"320,304"
24-Mar-22,114.47,116.64,110.61,112.34,112.34,"307,238"
23-Mar-22,108.85,115.4,108.38,114.93,114.93,"289,182"
22-Mar-22,112.9,115.01,109.3,111.76,111.76,"318,629"
21-Mar-22,105.13,112.69,104.08,112.12,112.12,"77,217"
18-Mar-22,103.62,106.28,102.3,104.7,104.7,"74,247"
17-Mar-22,95.34,104.24,94.85,102.98,102.98,"210,763"
16-Mar-22,95.23,99.22,94.07,95.04,95.04,"293,947"
15-Mar-22,102.28,102.58,93.53,96.44,96.44,"401,690"
14-Mar-22,109.42,109.72,99.76,103.01,103.01,"344,184"
11-Mar-22,105.99,110.29,104.48,109.33,109.33,"368,194"
10-Mar-22,110.41,114.88,105.53,106.02,106.02,"437,924"
9-Mar-22,124.66,126.84,103.63,108.7,108.7,"594,773"
8-Mar-22,120.67,129.44,117.07,123.7,123.7,"583,106"
7-Mar-22,121.33,130.5,115.54,119.4,119.4,"576,022"
4-Mar-22,107.96,116.02,107.25,115.68,115.68,"493,875"
3-Mar-22,111.33,116.57,106.43,107.67,107.67,"592,031"
2-Mar-22,107.12,112.51,105.18,110.6,110.6,"651,853"
1-Mar-22,96.09,106.78,95.32,103.41,103.41,"698,814"
28-Feb-22,94.99,99.1,94.43,95.72,95.72,"490,796"
25-Feb-22,93.32,95.64,90.06,91.59,91.59,"523,793"
24-Feb-22,92.52,100.54,91.45,92.81,92.81,"872,244"
23-Feb-22,91.74,93.9,90.64,92.1,92.1,"440,574"
22-Feb-22,91.75,96,90.35,92.35,92.35,"789,041"
18-Feb-22,91.63,92.66,89.03,91.07,91.07,"150,382"
17-Feb-22,90.9,93.36,90.62,91.76,91.76,"212,552"
16-Feb-22,92.21,95.01,90,93.66,93.66,"401,453"
15-Feb-22,94.83,95.17,90.66,92.07,92.07,"442,641"
14-Feb-22,93.91,95.82,92.09,95.46,95.46,"467,071"
11-Feb-22,90,94.66,89.19,93.1,93.1,"554,423"
10-Feb-22,90.01,91.74,89.03,89.88,89.88,"492,091"
9-Feb-22,89.86,90.58,88.41,89.66,89.66,"445,618"
8-Feb-22,91.64,91.68,88.51,89.36,89.36,"467,386"
7-Feb-22,91.82,92.73,90.73,91.32,91.32,"497,754"
4-Feb-22,90.19,93.17,90.07,92.31,92.31,"410,926"
3-Feb-22,87.98,90.45,86.75,90.27,90.27,"465,771"
2-Feb-22,88.35,89.72,87.1,88.26,88.26,"456,863"
1-Feb-22,88.15,88.87,86.55,88.2,88.2,"376,841"
31-Jan-22,87.45,88.39,86.34,88.15,88.15,"359,080"
28-Jan-22,87.5,88.84,86.44,86.82,86.82,"436,172"
27-Jan-22,87.15,88.54,86.2,86.61,86.61,"427,804"
26-Jan-22,85.26,87.95,85.01,87.35,87.35,"459,642"
25-Jan-22,84.15,85.71,82.99,85.6,85.6,"507,219"
24-Jan-22,84.91,86.09,81.9,83.31,83.31,"511,695"
21-Jan-22,84.57,85.56,82.78,85.14,85.14,"509,103"
20-Jan-22,86.23,87.82,86,86.9,86.9,"532,202"
19-Jan-22,86.61,87.91,85.77,86.96,86.96,"113,153"
18-Jan-22,84.32,86.63,83.5,85.43,85.43,"163,643"
14-Jan-22,81.73,84.45,81.58,83.82,83.82,"364,442"
13-Jan-22,82.82,82.94,81.39,82.12,82.12,"364,769"
12-Jan-22,81.38,83.1,81.17,82.64,82.64,"420,619"
11-Jan-22,78.42,81.59,78.36,81.22,81.22,"481,815"
10-Jan-22,78.88,79.45,77.83,78.23,78.23,"389,956"
7-Jan-22,79.62,80.47,78.52,78.9,78.9,"414,434"
6-Jan-22,77.24,80.24,76.73,79.46,79.46,"476,665"
5-Jan-22,77.18,78.58,76.51,77.85,77.85,"397,898"
4-Jan-22,76.02,77.64,75.7,76.99,76.99,"372,848"
3-Jan-22,75.69,76.46,74.27,76.08,76.08,"317,628"
31-Dec-21,76.66,77.08,74.95,75.21,75.21,"237,118"
30-Dec-21,76.58,77.44,75.78,76.99,76.99,"231,163"
29-Dec-21,76.04,77.37,75.36,76.56,76.56,"283,557"
28-Dec-21,75.97,76.92,75.53,75.98,75.98,"249,728"
27-Dec-21,73.38,76.09,72.57,75.57,75.57,"268,490"
23-Dec-21,73.03,73.95,72.27,73.79,73.79,"270,223"
22-Dec-21,71.27,73.16,70.8,72.76,72.76,"306,709"
21-Dec-21,69.21,71.55,68.56,71.12,71.12,"358,779"
20-Dec-21,70.07,70.07,66.04,68.23,68.23,"492,217"
17-Dec-21,71.92,72.26,69.89,70.86,70.86,"78,125"
16-Dec-21,71.48,72.99,71.03,72.38,72.38,"142,541"
15-Dec-21,70.35,71.66,69.39,70.87,70.87,"294,337"
14-Dec-21,71.12,72.03,69.51,70.73,70.73,"359,454"
13-Dec-21,72.04,73,70.71,71.29,71.29,"406,604"
10-Dec-21,70.68,72.33,70.32,71.67,71.67,"397,883"
9-Dec-21,72.52,73.34,70.39,70.94,70.94,"393,205"
8-Dec-21,71.86,73,70.91,72.36,72.36,"464,846"
7-Dec-21,69.72,73.03,69.52,72.05,72.05,"496,528"
6-Dec-21,67.02,70.15,66.72,69.49,69.49,"401,060"
3-Dec-21,67.5,69.22,65.6,66.26,66.26,"449,974"
2-Dec-21,65.63,67.49,62.43,66.5,66.5,"668,293"
1-Dec-21,67.01,69.49,64.84,65.57,65.57,"602,447"
30-Nov-21,70.04,71.22,64.43,66.18,66.18,"722,475"
29-Nov-21,69.23,72.93,68.86,69.95,69.95,"675,090"
26-Nov-21,78.34,78.65,67.4,68.15,68.15,"844,630"
25-Nov-21,78.34,78.65,77.76,78.03,78.03,"328,848"
24-Nov-21,78.48,79.23,77.98,78.39,78.39,"328,848"
23-Nov-21,76.46,78.86,75.3,78.5,78.5,"506,987"
22-Nov-21,75.75,77.16,74.76,76.75,76.75,"465,768"
19-Nov-21,78.76,79.92,75.37,76.1,76.1,"623,448"
18-Nov-21,78.34,79.36,77.08,79.01,79.01,"83,984"
17-Nov-21,80.54,80.69,77.69,78.36,78.36,"174,471"
16-Nov-21,80.93,81.81,80.03,80.76,80.76,"325,668"
15-Nov-21,80.66,81.2,79.3,80.88,80.88,"343,484"
12-Nov-21,81.21,81.62,79.78,80.79,80.79,"390,304"
11-Nov-21,81.41,82.33,80.2,81.59,81.59,"475,436"
10-Nov-21,84.53,84.97,80.81,81.34,81.34,"555,215"
9-Nov-21,82.16,84.63,81.78,84.15,84.15,"504,832"
8-Nov-21,81.13,82.67,81.05,81.93,81.93,"393,953"
5-Nov-21,79.37,81.8,78.96,81.27,81.27,"531,054"
4-Nov-21,80.18,83.42,78.25,78.81,78.81,"701,119"
3-Nov-21,83.07,83.08,79.69,80.86,80.86,"546,577"
2-Nov-21,83.87,84.41,82.92,83.91,83.91,"429,608"
1-Nov-21,83.36,84.88,82.74,84.05,84.05,"412,309"
29-Oct-21,83.09,83.74,81.41,83.57,83.57,"507,309"
28-Oct-21,82.25,83.21,80.58,82.81,82.81,"491,585"
27-Oct-21,84.39,84.51,82.01,82.66,82.66,"529,952"
26-Oct-21,83.72,84.88,82.97,84.65,84.65,"467,716"
25-Oct-21,83.98,85.41,83.39,83.76,83.76,"568,725"
22-Oct-21,82.61,84.22,81.76,83.76,83.76,"465,355"
21-Oct-21,83.58,83.96,80.79,82.5,82.5,"567,503"
20-Oct-21,83.34,84.25,81.3,83.87,83.87,"530,693"
19-Oct-21,82.37,83.74,81.8,82.96,82.96,"82,607"
18-Oct-21,82.6,83.87,81.84,82.44,82.44,"134,098"
15-Oct-21,81.48,82.66,81.39,82.28,82.28,"277,953"
14-Oct-21,80.59,81.68,80.38,81.31,81.31,"399,813"
13-Oct-21,80.58,81.04,79.42,80.44,80.44,"487,220"
12-Oct-21,80.5,81.62,79.47,80.64,80.64,"598,181"
11-Oct-21,79.59,82.18,79.55,80.52,80.52,"653,756"
8-Oct-21,78.86,80.11,78.63,79.35,79.35,"662,010"
7-Oct-21,77,78.89,74.96,78.3,78.3,"545,008"
6-Oct-21,79.04,79.78,76.83,77.43,77.43,"459,055"
5-Oct-21,77.58,79.48,77.47,78.93,78.93,"449,617"
4-Oct-21,75.9,78.38,75.32,77.62,77.62,"458,006"
1-Oct-21,75.12,75.99,74.23,75.88,75.88,"388,996"
30-Sep-21,74.78,76.07,73.14,75.03,75.03,"583,189"
29-Sep-21,74.38,75.79,73.74,74.83,74.83,"424,193"
28-Sep-21,75.43,76.67,74.24,75.29,75.29,"476,143"
27-Sep-21,74.19,75.75,74.16,75.45,75.45,"417,829"
24-Sep-21,73.24,74.27,72.81,73.98,73.98,"350,382"
23-Sep-21,71.97,73.5,71.61,73.3,73.3,"403,405"
22-Sep-21,70.85,72.3,70.64,72.23,72.23,"381,061"
21-Sep-21,70.59,71.63,69.67,70.56,70.56,"393,403"
20-Sep-21,71.92,72.08,69.86,70.29,70.29,"75,837"
17-Sep-21,72.62,72.72,71.21,71.97,71.97,"119,933"
16-Sep-21,72.65,72.99,71.53,72.61,72.61,"298,412"
15-Sep-21,70.76,73.14,70.65,72.61,72.61,"418,665"
14-Sep-21,70.64,71.22,69.98,70.46,70.46,"414,231"
13-Sep-21,69.74,70.97,69.51,70.45,70.45,"390,939"
10-Sep-21,67.97,69.96,67.68,69.72,69.72,"411,079"
9-Sep-21,69.36,69.89,67.56,68.14,68.14,"556,451"
8-Sep-21,68.37,69.75,68.31,69.3,69.3,"389,325"
7-Sep-21,69.11,69.48,67.64,68.35,68.35,"481,704"
3-Sep-21,69.76,70.53,69.05,69.29,69.29,"313,086"
2-Sep-21,68.29,70.61,67.84,69.99,69.99,"403,314"
1-Sep-21,68.55,69.24,67.12,68.59,68.59,"399,497"
31-Aug-21,69.18,69.34,68.16,68.5,68.5,"325,853"
30-Aug-21,69.3,69.64,67.67,69.21,69.21,"360,797"
27-Aug-21,67.75,69.05,67.52,68.74,68.74,"326,056"
26-Aug-21,68,68.31,67.02,67.42,67.42,"344,286"
25-Aug-21,67.63,68.54,66.92,68.36,68.36,"353,742"
24-Aug-21,65.54,67.8,65.41,67.54,67.54,"335,888"
23-Aug-21,61.96,66,61.74,65.64,65.64,"397,290"
20-Aug-21,64.05,64.1,62.11,62.32,62.32,"365,009"
19-Aug-21,64.58,64.76,62.63,63.69,63.69,"88,237"
18-Aug-21,66.58,67.48,64.34,65.46,65.46,"121,197"
17-Aug-21,67.43,67.72,66.33,66.59,66.59,"235,303"
16-Aug-21,68.13,68.14,65.73,67.29,67.29,"334,844"
13-Aug-21,68.91,69.22,67.77,68.44,68.44,"272,033"
12-Aug-21,69.36,69.62,68.46,69.09,69.09,"352,465"
11-Aug-21,68.51,69.45,66.67,69.25,69.25,"513,292"
10-Aug-21,66.85,68.9,66.56,68.29,68.29,"452,126"
9-Aug-21,67.88,67.9,65.15,66.48,66.48,"598,381"
6-Aug-21,69.14,70.18,67.8,68.28,68.28,"537,136"
5-Aug-21,68.06,69.35,67.61,69.09,69.09,"416,331"
4-Aug-21,70.32,70.81,67.85,68.15,68.15,"582,924"
3-Aug-21,71.52,71.96,69.19,70.56,70.56,"509,938"
2-Aug-21,73.91,73.95,70.55,71.26,71.26,"448,200"
30-Jul-21,73.41,74.23,72.93,73.95,73.95,"303,700"
29-Jul-21,72.4,73.68,72.26,73.62,73.62,"294,462"
28-Jul-21,71.9,72.6,71.7,72.39,72.39,"318,911"
27-Jul-21,72.22,72.33,71.08,71.65,71.65,"333,123"
26-Jul-21,72.18,72.43,70.56,71.91,71.91,"395,743"
23-Jul-21,71.71,72.21,71.39,72.07,72.07,"274,778"
22-Jul-21,70.22,72.03,69.86,71.91,71.91,"435,181"
21-Jul-21,66.45,70.51,66.44,70.3,70.3,"503,030"
20-Jul-21,66.6,67.65,65.21,67.42,67.42,"561,629"
19-Jul-21,71.49,71.67,65.63,66.42,66.42,"82,565"
16-Jul-21,71.48,72.3,70.41,71.81,71.81,"133,926"
15-Jul-21,72.96,72.96,71.4,71.65,71.65,"368,679"
14-Jul-21,75.17,75.44,72.21,73.13,73.13,"528,360"
13-Jul-21,74.18,75.52,73.68,75.25,75.25,"444,078"
12-Jul-21,74.74,74.93,73.16,74.1,74.1,"397,931"
9-Jul-21,73.26,74.76,72.72,74.56,74.56,"422,154"
8-Jul-21,72.17,73.26,70.76,72.94,72.94,"529,690"
7-Jul-21,73.85,74.86,71.07,72.2,72.2,"607,971"
6-Jul-21,75.35,76.98,72.94,73.37,73.37,"714,044"
2-Jul-21,75.02,75.62,74.41,75.16,75.16,"377,531"
1-Jul-21,73.5,76.22,73.39,75.23,75.23,"615,678"
30-Jun-21,73.47,74.14,72.82,73.47,73.47,"383,626"
29-Jun-21,72.78,73.81,71.97,72.98,72.98,"321,448"
28-Jun-21,73.99,74.45,72.62,72.91,72.91,"354,701"
25-Jun-21,73.32,74.18,72.85,74.05,74.05,"364,721"
24-Jun-21,73.28,73.61,72.32,73.3,73.3,"334,833"
23-Jun-21,72.91,74.25,72.82,73.08,73.08,"429,207"
22-Jun-21,73.41,73.95,72.94,73.06,73.06,"498,555"
21-Jun-21,71.52,73.96,71.15,73.66,73.66,"123,662"
18-Jun-21,71.1,72.17,70.16,71.64,71.64,"139,584"
17-Jun-21,71.65,72.3,69.77,71.04,71.04,"373,780"
16-Jun-21,72.45,72.99,71.61,72.15,72.15,"426,775"
15-Jun-21,71.16,72.49,70.81,72.12,72.12,"336,035"
14-Jun-21,70.65,71.78,70.65,70.88,70.88,"319,639"
11-Jun-21,70.1,71.24,69.68,70.91,70.91,"563,575"
10-Jun-21,69.76,70.65,68.68,70.29,70.29,"492,464"
9-Jun-21,70.01,70.62,69.46,69.96,69.96,"410,820"
8-Jun-21,69.29,70.27,68.47,70.05,70.05,"441,302"
7-Jun-21,69.52,70,68.93,69.23,69.23,"365,621"
4-Jun-21,68.91,69.76,68.33,69.62,69.62,"326,250"
3-Jun-21,68.76,69.4,68.19,68.81,68.81,"351,367"
2-Jun-21,67.99,69,67.78,68.83,68.83,"332,995"
1-Jun-21,66.68,68.87,66.41,67.72,67.72,"570,985"
28-May-21,66.95,67.52,66.17,66.32,66.32,"390,461"
27-May-21,66.16,66.92,65.47,66.85,66.85,"337,542"
26-May-21,66.04,66.43,65.25,66.21,66.21,"376,207"
25-May-21,66.02,66.51,65.41,66.07,66.07,"497,394"
24-May-21,63.87,66.14,63.63,66.05,66.05,"466,647"
21-May-21,61.89,64.07,61.56,63.58,63.58,"530,831"
20-May-21,63.39,63.96,61.89,62.05,62.05,"524,168"
19-May-21,65.28,65.35,61.95,63.36,63.36,"101,902"
18-May-21,66.33,67.01,64.11,65.49,65.49,"167,348"
17-May-21,65.5,66.43,64.83,66.27,66.27,"268,476"
14-May-21,63.83,65.62,63.33,65.37,65.37,"383,749"
13-May-21,65.75,65.81,63.09,63.82,63.82,"547,691"
12-May-21,65.46,66.63,64.97,66.08,66.08,"508,519"
11-May-21,64.9,65.5,63.68,65.28,65.28,"514,949"
10-May-21,65.57,65.75,63.95,64.92,64.92,"448,337"
7-May-21,64.9,65.24,63.9,64.9,64.9,"431,417"
6-May-21,65.27,65.98,64.5,64.71,64.71,"389,214"
5-May-21,66.45,66.76,64.92,65.63,65.63,"460,066"
4-May-21,64.53,66.19,64.29,65.69,65.69,"370,208"
3-May-21,63.64,64.68,62.91,64.49,64.49,"285,969"
30-Apr-21,64.88,64.95,63.08,63.58,63.58,"400,515"
29-Apr-21,63.7,65.47,63.65,65.01,65.01,"384,489"
28-Apr-21,63.04,64.53,62.67,63.86,63.86,"387,683"
27-Apr-21,61.97,63.3,61.91,62.94,62.94,"361,536"
26-Apr-21,62.06,62.31,60.66,61.91,61.91,"366,865"
23-Apr-21,61.65,62.43,61.25,62.14,62.14,"345,407"
22-Apr-21,61.11,61.87,60.61,61.43,61.43,"344,700"
21-Apr-21,62.39,62.56,60.86,61.35,61.35,"431,486"
20-Apr-21,63.47,64.25,61.5,62.44,62.44,"476,046"
19-Apr-21,62.98,63.63,62.63,63.38,63.38,"74,384"
16-Apr-21,63.32,63.88,62.83,63.13,63.13,"87,795"
15-Apr-21,62.83,63.57,62.53,63.46,63.46,"243,370"
14-Apr-21,60.44,63.44,60.38,63.15,63.15,"419,813"
13-Apr-21,59.64,60.59,59.64,60.18,60.18,"349,733"
12-Apr-21,59.35,60.77,58.73,59.7,59.7,"410,218"
9-Apr-21,59.76,59.95,59.1,59.32,59.32,"351,436"
8-Apr-21,59.52,59.93,58.82,59.6,59.6,"419,913"
7-Apr-21,59.26,60.04,58.12,59.77,59.77,"475,537"
6-Apr-21,58.8,60.9,58.62,59.33,59.33,"457,348"
5-Apr-21,61.5,61.5,57.63,58.65,58.65,"438,864"
1-Apr-21,59.49,61.75,58.86,61.45,61.45,"605,567"
31-Mar-21,60.45,61.17,58.85,59.16,59.16,"414,162"
30-Mar-21,61.96,62.27,59.94,60.55,60.55,"388,188"
29-Mar-21,60.93,61.77,59.41,61.56,61.56,"449,360"
26-Mar-21,58.48,61.36,58.32,60.97,60.97,"471,996"
25-Mar-21,60.8,60.86,57.44,58.56,58.56,"580,105"
24-Mar-21,57.4,61.34,57.29,61.18,61.18,"566,291"
23-Mar-21,61.28,61.35,57.25,57.76,57.76,"712,317"
22-Mar-21,61.55,61.9,60.39,61.55,61.55,"404,370"
19-Mar-21,59.56,61.72,58.94,61.42,61.42,"84,171"
18-Mar-21,64.42,64.82,58.2,60,60,"143,597"
17-Mar-21,64.75,65.34,63.6,64.6,64.6,"254,724"
16-Mar-21,65.33,65.43,63.8,64.8,64.8,"317,537"
15-Mar-21,65.56,66.4,64.13,65.39,65.39,"378,009"
12-Mar-21,65.96,66.24,65.41,65.61,65.61,"321,714"
11-Mar-21,64.7,66.21,64.54,66.02,66.02,"441,063"
10-Mar-21,63.84,64.96,63.13,64.44,64.44,"498,488"
9-Mar-21,64.73,65.98,63.63,64.01,64.01,"554,564"
8-Mar-21,66.68,67.98,64.57,65.05,65.05,"533,376"
5-Mar-21,64.16,66.42,63.82,66.09,66.09,"573,168"
4-Mar-21,61.08,64.86,60.52,63.83,63.83,"694,628"
3-Mar-21,59.55,61.99,59.24,61.28,61.28,"465,311"
2-Mar-21,60.23,61.21,59.38,59.75,59.75,"464,133"
1-Mar-21,61.95,62.92,59.96,60.64,60.64,"456,679"
26-Feb-21,63.46,63.57,61.34,61.5,61.5,"472,723"
25-Feb-21,63.39,63.81,62.65,63.53,63.53,"510,357"
24-Feb-21,61.29,63.51,60.97,63.22,63.22,"489,933"
23-Feb-21,62.16,63,60.67,61.67,61.67,"570,677"
22-Feb-21,58.88,61.84,58.82,61.49,61.49,"505,773"
19-Feb-21,60.2,60.29,58.59,59.24,59.24,"102,427"
18-Feb-21,61.68,62.26,59.79,60.52,60.52,"132,035"
17-Feb-21,60.24,61.73,59.43,61.14,61.14,"335,419"
16-Feb-21,59.98,60.95,59.33,60.05,60.05,"602,332"
12-Feb-21,57.94,59.82,57.41,59.47,59.47,"480,822"
11-Feb-21,58.4,58.71,57.84,58.24,58.24,"380,445"
10-Feb-21,58.45,58.91,58.08,58.68,58.68,"457,535"
9-Feb-21,58.11,58.62,57.27,58.36,58.36,"514,698"
8-Feb-21,57.06,58.14,57,57.97,57.97,"399,724"
5-Feb-21,56.46,57.29,56.43,56.85,56.85,"400,833"
4-Feb-21,55.96,56.58,55.3,56.23,56.23,"381,404"
3-Feb-21,55.05,56.33,54.81,55.69,55.69,"448,693"
2-Feb-21,53.48,55.26,53.45,54.76,54.76,"463,718"
1-Feb-21,51.99,53.74,51.64,53.55,53.55,"416,067"
29-Jan-21,52.15,53.25,51.93,52.2,52.2,"410,914"
28-Jan-21,52.65,53.58,52.04,52.34,52.34,"411,406"
27-Jan-21,52.76,53.3,51.85,52.85,52.85,"442,376"
26-Jan-21,52.91,53.25,52.29,52.61,52.61,"314,538"
25-Jan-21,52.17,52.95,51.82,52.77,52.77,"349,076"
22-Jan-21,53.1,53.16,51.44,52.27,52.27,"437,484"
21-Jan-21,52.93,53.41,52.75,53.13,53.13,"352,397"
20-Jan-21,53.13,53.79,53.05,53.24,53.24,"400,301"
19-Jan-21,52,53.13,51.76,52.98,52.98,"125,964"
15-Jan-21,53.8,53.83,51.83,52.36,52.36,"165,668"
14-Jan-21,52.84,53.75,52.24,53.57,53.57,"390,087"
13-Jan-21,53.31,53.93,52.58,52.91,52.91,"429,898"
12-Jan-21,52.18,53.45,52.07,53.21,53.21,"400,200"
11-Jan-21,52.58,52.7,51.5,52.25,52.25,"394,822"
8-Jan-21,50.93,52.75,50.81,52.24,52.24,"499,416"
7-Jan-21,50.53,51.28,50.39,50.83,50.83,"369,292"
6-Jan-21,49.82,50.94,49.48,50.63,50.63,"509,365"
5-Jan-21,47.38,50.2,47.24,49.93,49.93,"643,191"
4-Jan-21,48.4,49.83,47.18,47.62,47.62,"528,525"
31-Dec-20,48.35,48.58,47.77,48.52,48.52,"181,894"
30-Dec-20,48.13,48.66,47.61,48.4,48.4,"266,957"
29-Dec-20,47.72,48.35,47.68,48,48,"213,778"
28-Dec-20,48.23,48.96,47.5,47.62,47.62,"238,462"
24-Dec-20,48.09,48.62,47.56,48.23,48.23,"167,390"
23-Dec-20,46.79,48.5,46.16,48.12,48.12,"344,306"
22-Dec-20,47.93,47.96,46.6,47.02,47.02,"295,737"
21-Dec-20,48.54,48.61,46.18,47.74,47.74,"478,098"
18-Dec-20,48.43,49.28,48.1,49.1,49.1,"83,711"
17-Dec-20,47.85,48.59,47.81,48.36,48.36,"96,536"
16-Dec-20,47.6,47.94,47.17,47.82,47.82,"275,331"
15-Dec-20,46.99,47.73,46.54,47.62,47.62,"311,169"
14-Dec-20,46.73,47.44,45.69,46.99,46.99,"403,543"
11-Dec-20,46.97,47.29,46.34,46.57,46.57,"367,305"
10-Dec-20,45.69,47.74,45.52,46.78,46.78,"447,529"
9-Dec-20,45.6,46.24,44.95,45.52,45.52,"434,976"
8-Dec-20,45.66,45.93,45.14,45.6,45.6,"332,641"
7-Dec-20,46.15,46.54,45.36,45.76,45.76,"348,871"
4-Dec-20,45.64,46.68,45.61,46.26,46.26,"335,453"
3-Dec-20,44.99,45.84,44.66,45.64,45.64,"350,768"
2-Dec-20,44.38,45.92,43.92,45.28,45.28,"368,854"
1-Dec-20,45.08,45.7,44.12,44.55,44.55,"314,919"
30-Nov-20,45.34,45.8,44.42,45.34,45.34,"370,755"
27-Nov-20,45.9,46.09,44.55,45.53,45.53,"365,128"
25-Nov-20,44.82,46.26,44.73,45.71,45.71,"417,182"
24-Nov-20,42.84,45.2,42.82,44.91,44.91,"418,527"
23-Nov-20,42.46,43.36,42.29,43.06,43.06,"300,717"
20-Nov-20,41.7,42.32,41.51,42.15,42.15,"276,340"
19-Nov-20,41.61,41.98,41.08,41.74,41.74,"88,144"
18-Nov-20,41.35,42.46,41.08,41.82,41.82,"107,013"
17-Nov-20,41.44,41.69,40.57,41.43,41.43,"243,677"
16-Nov-20,40.17,42.09,40.15,41.34,41.34,"378,785"
13-Nov-20,40.94,40.94,40.06,40.13,40.13,"338,187"
12-Nov-20,41.47,42.19,40.87,41.12,41.12,"401,031"
11-Nov-20,41.79,43.06,41.32,41.45,41.45,"443,772"
10-Nov-20,39.91,41.84,39.41,41.36,41.36,"457,045"
9-Nov-20,37.34,41.33,37.16,40.29,40.29,"622,921"
6-Nov-20,38.54,38.61,37.06,37.14,37.14,"411,026"
5-Nov-20,39.17,39.35,38.27,38.79,38.79,"298,366"
4-Nov-20,38.15,39.25,37.26,39.15,39.15,"437,000"
3-Nov-20,37.03,38.32,36.57,37.66,37.66,"410,611"
2-Nov-20,35.24,37.15,33.64,36.81,36.81,"489,204"
30-Oct-20,36.07,36.6,35.21,35.79,35.79,"388,971"
29-Oct-20,37.39,37.76,34.92,36.17,36.17,"568,816"
28-Oct-20,38.97,39.01,36.97,37.39,37.39,"489,954"
27-Oct-20,38.59,39.83,38.51,39.57,39.57,"339,535"
26-Oct-20,39.69,39.74,38.28,38.56,38.56,"360,184"
23-Oct-20,40.61,40.92,39.57,39.85,39.85,"268,931"
22-Oct-20,40.04,41.02,39.71,40.64,40.64,"307,494"
21-Oct-20,41.22,41.59,39.78,40.03,40.03,"366,899"
20-Oct-20,40.65,41.7,40.25,41.46,41.46,"360,574"
19-Oct-20,40.69,41.22,40.54,40.83,40.83,"75,335"
16-Oct-20,40.88,41.05,40.08,40.88,40.88,"96,488"
15-Oct-20,41.13,41.29,39.22,40.96,40.96,"248,251"
14-Oct-20,40.19,41.16,39.82,41.04,41.04,"328,295"
13-Oct-20,39.53,40.53,39.35,40.2,40.2,"375,470"
12-Oct-20,40.4,40.45,39.04,39.43,39.43,"322,035"
9-Oct-20,41.31,41.47,40.38,40.6,40.6,"331,703"
8-Oct-20,39.99,41.33,39.76,41.19,41.19,"409,787"
7-Oct-20,39.83,40.35,39.28,39.95,39.95,"433,065"
6-Oct-20,39.35,40.86,39.1,40.67,40.67,"400,531"
5-Oct-20,37,39.72,37,39.22,39.22,"378,579"
2-Oct-20,38.6,38.65,36.63,37.05,37.05,"391,428"
1-Oct-20,39.9,40.47,37.61,38.72,38.72,"443,442"
30-Sep-20,39.16,40.37,38.68,40.22,40.22,"340,294"
29-Sep-20,40.58,40.7,38.41,39.29,39.29,"379,599"
28-Sep-20,40.07,40.8,39.78,40.6,40.6,"226,425"
25-Sep-20,40.15,40.64,39.71,40.25,40.25,"229,025"
24-Sep-20,39.6,40.37,39.12,40.31,40.31,"269,992"
23-Sep-20,39.76,40.75,39.26,39.93,39.93,"318,754"
22-Sep-20,39.63,40.02,39,39.6,39.6,"287,807"
21-Sep-20,40.98,41.27,38.66,39.31,39.31,"66,195"
18-Sep-20,40.97,41.49,40.3,41.11,41.11,"85,906"
17-Sep-20,40.19,41.22,39.42,40.97,40.97,"280,669"
16-Sep-20,38.35,40.34,38.35,40.16,40.16,"367,612"
15-Sep-20,37.28,38.57,37.06,38.28,38.28,"348,861"
14-Sep-20,37.32,37.68,36.82,37.26,37.26,"347,563"
11-Sep-20,37.01,37.82,36.67,37.33,37.33,"363,787"
10-Sep-20,37.8,38.18,36.93,37.3,37.3,"367,555"
9-Sep-20,36.79,38.45,36.16,38.05,38.05,"455,356"
8-Sep-20,39.48,39.59,36.13,36.76,36.76,"720,975"
4-Sep-20,41.25,41.87,39.35,39.77,39.77,"444,184"
3-Sep-20,41.63,41.79,40.22,41.37,41.37,"417,634"
2-Sep-20,43.02,43.21,41.23,41.51,41.51,"421,771"
1-Sep-20,42.83,43.43,42.72,42.76,42.76,"285,146"
31-Aug-20,42.91,43.57,42.56,42.61,42.61,"236,877"
28-Aug-20,42.98,43.42,42.69,42.97,42.97,"272,800"
27-Aug-20,43.45,43.5,42.36,43.04,43.04,"320,968"
26-Aug-20,43.39,43.78,43,43.39,43.39,"262,243"
25-Aug-20,42.36,43.57,42.31,43.35,43.35,"330,800"
24-Aug-20,42.48,42.89,42.23,42.62,42.62,"294,731"
21-Aug-20,42.75,42.96,41.46,42.34,42.34,"345,368"
20-Aug-20,42.74,42.79,41.5,42.58,42.58,"377,070"
19-Aug-20,42.6,43.03,42.36,42.93,42.93,"81,299"
18-Aug-20,42.79,42.99,42.11,42.89,42.89,"111,628"
17-Aug-20,42.24,42.97,41.8,42.89,42.89,"208,429"
14-Aug-20,42.33,42.57,41.62,42.01,42.01,"310,866"
13-Aug-20,42.57,42.84,42.09,42.24,42.24,"329,507"
12-Aug-20,41.62,42.9,41.53,42.67,42.67,"397,831"
11-Aug-20,41.98,42.94,41.48,41.61,41.61,"432,843"
10-Aug-20,41.5,42.33,41.17,41.94,41.94,"367,796"
7-Aug-20,41.97,42.22,41.06,41.22,41.22,"398,997"
6-Aug-20,42.19,42.65,41.61,41.95,41.95,"359,610"
5-Aug-20,41.56,43.52,41.47,42.19,42.19,"491,268"
4-Aug-20,40.78,42.08,40.14,41.7,41.7,"451,575"
3-Aug-20,40.39,41.24,39.58,41.01,41.01,"338,326"
31-Jul-20,40.34,40.55,39.66,40.27,40.27,"318,788"
30-Jul-20,41.32,41.39,38.72,39.92,39.92,"487,325"
29-Jul-20,41.13,41.57,40.93,41.27,41.27,"295,855"
28-Jul-20,41.65,41.93,40.85,41.04,41.04,"276,804"
27-Jul-20,41.26,41.82,40.48,41.6,41.6,"377,714"
24-Jul-20,41.06,41.67,40.66,41.29,41.29,"353,159"
23-Jul-20,41.95,42.36,40.83,41.07,41.07,"389,412"
22-Jul-20,41.54,42.03,41.14,41.9,41.9,"333,647"
21-Jul-20,40.65,42.4,40.64,41.96,41.96,"389,117"
20-Jul-20,40.64,40.91,39.83,40.81,40.81,"60,179"
17-Jul-20,40.72,40.9,40.02,40.59,40.59,"88,220"
16-Jul-20,40.97,41.18,40.52,40.75,40.75,"200,101"
15-Jul-20,40.55,41.26,40.08,41.2,41.2,"352,542"
14-Jul-20,39.6,40.57,39.07,40.29,40.29,"426,971"
13-Jul-20,40.35,40.72,39.47,40.1,40.1,"370,715"
10-Jul-20,39.58,40.77,38.54,40.55,40.55,"393,149"
9-Jul-20,40.87,40.99,39.27,39.62,39.62,"367,386"
8-Jul-20,40.48,41.08,40.3,40.9,40.9,"286,740"
7-Jul-20,40.68,40.95,39.9,40.62,40.62,"256,596"
6-Jul-20,40.38,41.08,39.84,40.63,40.63,"373,236"
2-Jul-20,39.78,40.74,39.46,40.65,40.65,"347,096"
1-Jul-20,39.84,40.58,39.05,39.82,39.82,"407,170"
30-Jun-20,39.64,40.08,38.85,39.27,39.27,"370,059"
29-Jun-20,37.96,39.89,37.5,39.7,39.7,"343,913"
26-Jun-20,39.09,39.35,37.79,38.49,38.49,"356,712"
25-Jun-20,38.05,39.23,37.08,38.72,38.72,"451,640"
24-Jun-20,39.99,40.54,37.31,38.01,38.01,"499,490"
23-Jun-20,40.68,41.63,39.76,40.37,40.37,"368,730"
22-Jun-20,39.18,40.7,39.12,40.46,40.46,"315,264"
19-Jun-20,38.85,40.49,38.4,39.75,39.75,"64,113"
18-Jun-20,37.74,38.97,37.11,38.84,38.84,"113,384"
17-Jun-20,37.93,38.75,37.21,37.96,37.96,"239,516"
16-Jun-20,37.05,39.06,36.38,38.38,38.38,"366,323"
15-Jun-20,36.03,37.26,34.36,37.12,37.12,"387,546"
12-Jun-20,36.26,36.99,34.48,36.26,36.26,"406,508"
11-Jun-20,39.09,39.09,35.41,36.34,36.34,"513,912"
10-Jun-20,38.5,39.91,37.73,39.6,39.6,"385,868"
9-Jun-20,38.22,39.1,37.07,38.94,38.94,"396,033"
8-Jun-20,39.41,40.44,37.96,38.19,38.19,"416,639"
5-Jun-20,37.33,39.68,37.05,39.55,39.55,"396,856"
4-Jun-20,36.76,37.62,36.38,37.41,37.41,"307,612"
3-Jun-20,36.86,38.18,35.88,37.29,37.29,"494,253"
2-Jun-20,35.56,37.06,35.28,36.81,36.81,"343,483"
1-Jun-20,35.21,35.9,34.27,35.44,35.44,"385,710"
29-May-20,33.68,35.77,32.36,35.49,35.49,"443,647"
28-May-20,32.1,34.21,31.14,33.71,33.71,"440,168"
27-May-20,34.14,34.32,31.75,32.81,32.81,"415,246"
26-May-20,33.3,34.81,32.48,34.35,34.35,"466,737"
22-May-20,33.95,34,30.72,33.25,33.25,"429,036"
21-May-20,33.53,34.66,33.26,33.92,33.92,"372,814"
20-May-20,31.89,33.78,31.56,33.49,33.49,"406,431"
19-May-20,32.83,33.44,31.34,32.5,32.5,"430,823"
18-May-20,29.53,33.32,29.53,31.82,31.82,"89,376"
15-May-20,27.64,29.92,27.24,29.43,29.43,"108,016"
14-May-20,25.56,27.96,25.18,27.56,27.56,"160,507"
13-May-20,25.3,26.45,24.79,25.29,25.29,"150,864"
12-May-20,24.49,26.23,24.22,25.78,25.78,"212,335"
11-May-20,24.49,25.58,23.67,24.14,24.14,"179,591"
8-May-20,23.35,24.99,23.26,24.74,24.74,"205,181"
7-May-20,24.09,26.74,22.94,23.55,23.55,"310,261"
6-May-20,25.52,26.08,22.58,23.99,23.99,"381,165"
5-May-20,21.24,25.49,21.13,24.56,24.56,"387,240"
4-May-20,19.11,21.42,18.05,20.39,20.39,"311,488"
1-May-20,19.04,20.48,18.07,19.78,19.78,"403,201"
30-Apr-20,15.64,19.44,15.45,18.84,18.84,"545,344"
29-Apr-20,13.35,16.78,12.67,15.06,15.06,"554,134"
28-Apr-20,12.96,13.69,10.07,12.34,12.34,"897,087"
27-Apr-20,16.84,16.98,11.88,12.78,12.78,"623,201"
24-Apr-20,16.78,17.97,15.64,16.94,16.94,"600,220"
23-Apr-20,14.2,18.26,13.35,16.5,16.5,"833,584"
22-Apr-20,13.12,16.18,10.26,13.78,13.78,"1,235,218"
21-Apr-20,-14,13.86,-16.74,10.01,10.01,"2,288,230"
20-Apr-20,17.73,17.85,-40.32,-37.63,-37.63,"247,947"
17-Apr-20,20,20.22,17.31,18.27,18.27,"240,628"
16-Apr-20,20.15,20.53,19.42,19.87,19.87,"350,942"
15-Apr-20,20.72,20.89,19.2,19.87,19.87,"544,797"
14-Apr-20,22.36,23.08,19.95,20.11,20.11,"785,478"
13-Apr-20,24.6,24.74,22.03,22.41,22.41,"775,120"
9-Apr-20,26.28,28.36,22.57,22.76,22.76,"1,122,149"
8-Apr-20,24.3,26.45,23.74,25.09,25.09,"823,554"
7-Apr-20,26.34,27.24,23.54,23.63,23.63,"797,707"
6-Apr-20,26.09,28.24,25.28,26.08,26.08,"752,710"
3-Apr-20,24.81,29.13,23.52,28.34,28.34,"1,007,577"
2-Apr-20,21.22,27.39,20.76,25.32,25.32,"1,095,972"
1-Apr-20,20.1,21.55,19.9,20.31,20.31,"703,286"
31-Mar-20,20.23,21.89,20.01,20.48,20.48,"660,082"
30-Mar-20,20.93,20.93,19.27,20.09,20.09,"758,711"
27-Mar-20,23.29,23.44,20.88,21.51,21.51,"603,124"
26-Mar-20,24.25,24.65,22.38,22.6,22.6,"633,877"
25-Mar-20,24.37,25.24,22.91,24.49,24.49,"618,725"
24-Mar-20,23.87,25.16,23.09,24.01,24.01,"659,697"
23-Mar-20,22.52,24.07,20.8,23.36,23.36,"852,951"
20-Mar-20,24.73,27.89,19.46,22.43,22.43,"1,133,808"
19-Mar-20,22.3,27.71,21.36,25.22,25.22,"136,722"
18-Mar-20,26.94,27.22,20.06,20.37,20.37,"309,481"
17-Mar-20,28.69,30.3,26.63,26.95,26.95,"545,820"
16-Mar-20,33.75,33.75,28.1,28.7,28.7,"698,829"
13-Mar-20,30.77,33.87,30.33,31.73,31.73,"743,129"
12-Mar-20,33.07,33.63,30.02,31.5,31.5,"1,025,036"
11-Mar-20,34.62,36.35,32.56,32.98,32.98,"874,646"
10-Mar-20,30.37,35.02,30.2,34.36,34.36,"1,064,632"
9-Mar-20,32.87,34.88,27.34,31.13,31.13,"1,774,383"
6-Mar-20,46.09,46.38,41.05,41.28,41.28,"1,276,180"
5-Mar-20,47.13,47.57,45.65,45.9,45.9,"704,591"
4-Mar-20,46.94,48.41,46.65,46.78,46.78,"745,856"
3-Mar-20,47.72,48.66,46.47,47.18,47.18,"1,011,933"
2-Mar-20,43.7,47.56,43.32,46.75,46.75,"949,471"
28-Feb-20,46.49,47.03,43.85,44.76,44.76,"1,101,659"
27-Feb-20,48.63,48.78,45.88,47.09,47.09,"1,011,915"
26-Feb-20,50.08,50.44,48.3,48.73,48.73,"884,482"
25-Feb-20,51.37,52.02,49.69,49.9,49.9,"764,989"
24-Feb-20,52.6,52.64,50.45,51.43,51.43,"765,515"
21-Feb-20,53.74,53.86,52.55,53.38,53.38,"707,555"
20-Feb-20,53.5,54.5,53.22,53.78,53.78,"676,179"
19-Feb-20,52.12,53.66,51.93,53.29,53.29,"113,683"
18-Feb-20,52.23,52.41,50.88,52.05,52.05,"221,774"
14-Feb-20,51.51,52.34,51.32,52.05,52.05,"607,343"
13-Feb-20,51.72,51.96,50.6,51.42,51.42,"745,400"
12-Feb-20,49.96,51.73,49.95,51.17,51.17,"795,256"
11-Feb-20,49.61,50.69,49.58,49.94,49.94,"725,733"
10-Feb-20,50.12,50.49,49.42,49.57,49.57,"715,894"
7-Feb-20,51.11,51.48,50.09,50.32,50.32,"768,345"
6-Feb-20,51.17,52.2,50.24,50.95,50.95,"750,659"
5-Feb-20,49.51,51.88,49.47,50.75,50.75,"887,946"
4-Feb-20,49.94,51.55,49.31,49.61,49.61,"859,357"
3-Feb-20,51.01,51.97,49.8,50.11,50.11,"876,044"
31-Jan-20,52.92,53.36,50.97,51.56,51.56,"827,907"
30-Jan-20,53.09,53.2,51.66,52.14,52.14,"720,123"
29-Jan-20,53.97,54.37,52.81,53.33,53.33,"624,979"
28-Jan-20,52.77,54.06,52.68,53.48,53.48,"633,963"
27-Jan-20,53.7,53.71,52.13,53.14,53.14,"712,880"
24-Jan-20,55.69,55.95,53.85,54.19,54.19,"586,195"
23-Jan-20,56.11,56.27,54.77,55.59,55.59,"703,995"
22-Jan-20,58.26,58.38,56.03,56.74,56.74,"620,119"
21-Jan-20,59.17,59.73,57.68,58.34,58.34,"648,335"
17-Jan-20,58.59,58.98,58.27,58.54,58.54,"122,561"
16-Jan-20,58.1,58.87,57.56,58.52,58.52,"182,871"
15-Jan-20,58.2,58.36,57.36,57.81,57.81,"433,169"
14-Jan-20,58.03,58.72,57.72,58.23,58.23,"507,714"
13-Jan-20,59.04,59.27,57.91,58.08,58.08,"584,002"
10-Jan-20,59.61,59.78,58.85,59.04,59.04,"596,186"
9-Jan-20,59.99,60.31,58.66,59.56,59.56,"750,933"
8-Jan-20,62.84,65.65,59.15,59.61,59.61,"1,205,710"
7-Jan-20,62.91,63.15,62.11,62.7,62.7,"582,649"
6-Jan-20,63.71,64.72,62.64,63.27,63.27,"724,236"
3-Jan-20,61.18,64.09,61.13,63.05,63.05,"885,861"
2-Jan-20,61.6,61.6,60.64,61.18,61.18,"486,873"
31-Dec-19,61.68,61.88,60.63,61.06,61.06,"494,535"
30-Dec-19,61.71,62.34,61.09,61.68,61.68,"427,149"
27-Dec-19,61.73,61.97,61.24,61.72,61.72,"351,899"
26-Dec-19,61.2,61.83,61.06,61.68,61.68,"265,091"
24-Dec-19,60.63,61.16,60.47,61.11,61.11,"204,535"
23-Dec-19,60.41,60.77,60.1,60.52,60.52,"314,711"
20-Dec-19,61.11,61.2,60.02,60.44,60.44,"552,517"
19-Dec-19,60.86,61.47,60.79,61.22,61.22,"426,341"
18-Dec-19,60.55,61.18,60.32,60.93,60.93,"131,071"
17-Dec-19,60.23,61.06,60.03,60.94,60.94,"163,744"
16-Dec-19,59.87,60.34,59.71,60.21,60.21,"347,395"
13-Dec-19,59.36,60.48,59.27,60.07,60.07,"512,288"
12-Dec-19,58.88,59.72,58.75,59.18,59.18,"530,851"
11-Dec-19,59.06,59.22,58.11,58.76,58.76,"589,650"
10-Dec-19,58.92,59.52,58.52,59.24,59.24,"566,822"
9-Dec-19,59.11,59.25,58.23,59.02,59.02,"511,561"
6-Dec-19,58.32,59.85,57.7,59.2,59.2,"679,609"
5-Dec-19,58.36,59.12,58.1,58.43,58.43,"649,461"
4-Dec-19,56.43,58.66,56.28,58.43,58.43,"760,541"
3-Dec-19,55.96,56.8,55.35,56.1,56.1,"560,554"
2-Dec-19,55.47,56.67,55.42,55.96,55.96,"616,423"
29-Nov-19,58.13,58.3,55.02,55.17,55.17,"718,724"
27-Nov-19,58.27,58.68,57.51,58.11,58.11,"454,256"
26-Nov-19,57.92,58.56,57.76,58.41,58.41,"443,816"
25-Nov-19,57.92,58.15,57.21,58.01,58.01,"420,642"
22-Nov-19,58.31,58.74,57.5,57.77,57.77,"508,244"
21-Nov-19,57,58.67,56.6,58.58,58.58,"593,533"
20-Nov-19,55.16,57.25,54.76,57.11,57.11,"674,891"
19-Nov-19,56.9,57.11,55.04,55.21,55.21,"121,214"
18-Nov-19,57.88,58.09,56.55,57.05,57.05,"159,328"
15-Nov-19,56.91,57.97,56.43,57.72,57.72,"375,993"
14-Nov-19,57.39,57.79,56.63,56.77,56.77,"516,832"
13-Nov-19,56.79,57.53,56.2,57.12,57.12,"547,635"
12-Nov-19,56.89,57.55,56.54,56.8,56.8,"586,568"
11-Nov-19,57.4,57.4,56.25,56.86,56.86,"498,981"
8-Nov-19,57.08,57.48,55.76,57.24,57.24,"636,941"
7-Nov-19,56.35,57.88,56.27,57.15,57.15,"678,165"
6-Nov-19,57.26,57.85,56.11,56.35,56.35,"623,258"
5-Nov-19,56.56,57.5,56.3,57.23,57.23,"435,319"
4-Nov-19,56.41,57.43,55.83,56.54,56.54,"580,350"
1-Nov-19,54.15,56.33,54.07,56.2,56.2,"538,117"
31-Oct-19,54.9,55.59,53.71,54.18,54.18,"677,419"
30-Oct-19,55.53,55.73,54.42,55.06,55.06,"659,328"
29-Oct-19,55.8,55.91,54.61,55.54,55.54,"521,457"
28-Oct-19,56.65,56.92,55.58,55.81,55.81,"437,020"
25-Oct-19,56.07,56.74,55.6,56.66,56.66,"445,020"
24-Oct-19,55.9,56.51,55.41,56.23,56.23,"480,764"
23-Oct-19,54.3,56.07,53.62,55.97,55.97,"620,202"
22-Oct-19,53.39,54.62,53.1,54.16,54.16,"506,573"
21-Oct-19,53.71,54.03,52.71,53.31,53.31,"95,979"
18-Oct-19,54.09,54.62,53.35,53.78,53.78,"174,477"
17-Oct-19,52.99,54.16,52.62,53.93,53.93,"418,422"
16-Oct-19,52.92,53.74,52.52,53.36,53.36,"451,643"
15-Oct-19,53.51,53.79,52.39,52.81,52.81,"511,249"
14-Oct-19,54.9,54.9,52.77,53.59,53.59,"467,643"
11-Oct-19,53.88,54.93,53.64,54.7,54.7,"467,643"
10-Oct-19,52.69,53.97,51.38,53.55,53.55,"613,944"
9-Oct-19,52.57,53.74,52.31,52.59,52.59,"632,666"
8-Oct-19,52.81,53.27,51.81,52.63,52.63,"658,324"
7-Oct-19,52.69,54.06,52.59,52.75,52.75,"549,019"
4-Oct-19,52.29,53.35,52.04,52.81,52.81,"541,104"
3-Oct-19,52.47,52.91,50.99,52.45,52.45,"642,466"
2-Oct-19,54,54.42,52.17,52.64,52.64,"590,306"
1-Oct-19,54.28,54.84,53.05,53.62,53.62,"589,176"
30-Sep-19,56.54,56.57,53.98,54.07,54.07,"532,522"
27-Sep-19,56.51,56.76,54.75,55.91,55.91,"712,966"
26-Sep-19,56.69,56.84,55.41,56.41,56.41,"599,653"
25-Sep-19,56.7,57.02,55.55,56.49,56.49,"563,550"
24-Sep-19,58.44,58.49,56.69,57.29,57.29,"591,529"
23-Sep-19,59.25,59.39,57.37,58.64,58.64,"526,785"
20-Sep-19,58.65,59.1,57.79,58.09,58.09,"576,019"
19-Sep-19,58.2,59.54,58.01,58.13,58.13,"112,327"
18-Sep-19,58.81,59.43,57.67,58.11,58.11,"216,961"
17-Sep-19,61.96,62.59,58.46,59.34,59.34,"993,237"
16-Sep-19,61.48,63.38,58.77,62.9,62.9,"1,404,916"
13-Sep-19,55.15,55.68,54.44,54.85,54.85,"599,470"
12-Sep-19,55.93,56.34,54,55.09,55.09,"845,977"
11-Sep-19,57.89,58.3,55.61,55.75,55.75,"858,772"
10-Sep-19,58.03,58.76,57.2,57.4,57.4,"755,472"
9-Sep-19,56.8,58.16,56.58,57.85,57.85,"646,993"
6-Sep-19,56.19,56.95,54.83,56.52,56.52,"714,294"
5-Sep-19,55.95,57.76,55.75,56.3,56.3,"712,466"
4-Sep-19,53.92,56.58,53.84,56.26,56.26,"682,298"
3-Sep-19,55,55.24,52.84,53.94,53.94,"970,804"
30-Aug-19,56.63,56.72,54.55,55.1,55.1,"708,268"
29-Aug-19,55.88,56.89,55.43,56.71,56.71,"630,760"
28-Aug-19,55.71,56.75,55.34,55.78,55.78,"674,048"
27-Aug-19,53.76,55.72,53.69,54.93,54.93,"596,624"
26-Aug-19,53.25,55.26,52.96,53.64,53.64,"679,022"
23-Aug-19,55.35,55.6,53.24,54.17,54.17,"807,151"
22-Aug-19,55.94,56.46,54.85,55.35,55.35,"621,573"
21-Aug-19,56.05,57.13,55.55,55.68,55.68,"704,035"
20-Aug-19,56.1,56.6,55.28,56.34,56.34,"659,258"
19-Aug-19,54.96,56.41,54.84,56.21,56.21,"113,571"
16-Aug-19,54.74,55.67,54.26,54.87,54.87,"168,345"
15-Aug-19,54.9,55.33,53.77,54.47,54.47,"527,866"
14-Aug-19,56.74,56.85,53.97,55.23,55.23,"718,293"
13-Aug-19,54.73,57.47,54.21,57.1,57.1,"783,486"
12-Aug-19,54.32,55.18,53.54,54.93,54.93,"611,027"
9-Aug-19,52.88,54.92,52.37,54.5,54.5,"726,386"
8-Aug-19,52.33,53.06,51.94,52.54,52.54,"724,762"
7-Aug-19,53.42,53.77,50.52,51.09,51.09,"1,063,214"
6-Aug-19,54.95,55.42,53.29,53.63,53.63,"682,794"
5-Aug-19,55.38,55.61,54.22,54.69,54.69,"823,844"
2-Aug-19,54.54,56.05,54.15,55.66,55.66,"739,810"
1-Aug-19,57.85,57.99,53.59,53.95,53.95,"886,748"
31-Jul-19,58.34,58.82,57.81,58.58,58.58,"614,001"
30-Jul-19,57.07,58.47,56.96,58.05,58.05,"547,401"
29-Jul-19,56.2,57.1,55.81,56.87,56.87,"529,742"
26-Jul-19,55.93,56.57,55.68,56.2,56.2,"476,785"
25-Jul-19,55.9,56.99,55.81,56.02,56.02,"559,282"
24-Jul-19,57.23,57.64,55.33,55.88,55.88,"745,248"
23-Jul-19,56.17,57.47,55.74,56.77,56.77,"521,876"
22-Jul-19,56.22,56.84,55.72,56.22,56.22,"619,483"
19-Jul-19,55.72,56.36,54.99,55.63,55.63,"105,217"
18-Jul-19,56.6,57.32,54.72,55.3,55.3,"215,361"
17-Jul-19,57.52,58.36,56.21,56.78,56.78,"504,432"
16-Jul-19,59.26,60.06,57.07,57.62,57.62,"712,540"
15-Jul-19,60.25,60.92,59.2,59.58,59.58,"566,818"
12-Jul-19,60.46,60.74,59.93,60.21,60.21,"469,029"
11-Jul-19,60.44,60.94,60.14,60.2,60.2,"573,019"
10-Jul-19,58.4,60.53,58.35,60.43,60.43,"690,656"
9-Jul-19,57.56,59.1,57.29,57.83,57.83,"551,872"
8-Jul-19,57.77,58.46,57.3,57.66,57.66,"540,861"
5-Jul-19,57.38,57.82,56.29,57.51,57.51,"698,015"
3-Jul-19,56.49,57.48,56.04,57.34,57.34,"600,131"
2-Jul-19,59.14,59.43,56.09,56.25,56.25,"878,938"
1-Jul-19,59.27,60.28,58.34,59.09,59.09,"674,887"
28-Jun-19,59.22,59.8,57.75,58.47,58.47,"556,101"
27-Jun-19,59.27,59.73,58.61,59.43,59.43,"531,405"
26-Jun-19,58.84,59.93,58.65,59.38,59.38,"686,817"
25-Jun-19,57.74,58.84,57.2,57.83,57.83,"673,140"
24-Jun-19,57.72,58.22,56.75,57.9,57.9,"597,164"
21-Jun-19,57.26,57.98,56.66,57.43,57.43,"676,047"
20-Jun-19,54.12,57.02,54.11,56.65,56.65,"854,514"
19-Jun-19,54.09,54.42,53.28,53.76,53.76,"122,838"
18-Jun-19,51.95,54.31,51.5,53.9,53.9,"181,640"
17-Jun-19,52.5,52.74,51.58,51.93,51.93,"397,868"
14-Jun-19,52.18,52.98,51.7,52.51,52.51,"574,229"
13-Jun-19,51.07,53.45,50.92,52.28,52.28,"945,024"
12-Jun-19,53.04,53.05,50.72,51.14,51.14,"786,105"
11-Jun-19,53.43,54.04,52.91,53.27,53.27,"642,940"
10-Jun-19,54.24,54.84,53.05,53.26,53.26,"687,146"
7-Jun-19,53.1,54.32,52.62,53.99,53.99,"828,133"
6-Jun-19,51.66,53.3,51.17,52.59,52.59,"790,067"
5-Jun-19,52.86,53.41,50.6,51.68,51.68,"943,186"
4-Jun-19,52.89,53.78,52.43,53.48,53.48,"831,625"
3-Jun-19,53.42,54.63,52.11,53.25,53.25,"984,308"
31-May-19,56.46,56.61,53.05,53.5,53.5,"1,031,488"
30-May-19,59.12,59.7,56.33,56.59,56.59,"842,281"
29-May-19,59.07,59.14,56.88,58.81,58.81,"1,124,959"
28-May-19,58.94,59.57,58.13,59.14,59.14,"1,020,323"
24-May-19,58.21,59.1,57.5,58.63,58.63,"758,099"
23-May-19,61.27,61.29,57.33,57.91,57.91,"1,108,052"
22-May-19,62.64,62.78,61.03,61.42,61.42,"766,728"
21-May-19,63.28,63.6,62.75,62.99,62.99,"641,680"
20-May-19,63.53,63.81,62.45,63.1,63.1,"131,888"
17-May-19,63.12,63.64,62.52,62.76,62.76,"215,802"
16-May-19,62.12,63.48,62.08,62.87,62.87,"545,679"
15-May-19,61.37,62.34,60.85,62.02,62.02,"723,001"
14-May-19,60.86,62.11,60.69,61.78,61.78,"751,668"
13-May-19,61.65,63.33,60.64,61.04,61.04,"1,003,106"
10-May-19,61.64,62.49,61.42,61.66,61.66,"786,494"
9-May-19,62.02,62.21,60.92,61.7,61.7,"769,583"
8-May-19,61.44,62.37,61.07,62.12,62.12,"791,769"
7-May-19,62.17,62.49,60.66,61.4,61.4,"842,810"
6-May-19,61.43,62.95,60.04,62.25,62.25,"768,810"
3-May-19,61.55,62.52,61.3,61.94,61.94,"646,866"
2-May-19,63.61,63.68,60.95,61.81,61.81,"914,661"
1-May-19,63.4,63.93,62.77,63.6,63.6,"676,872"
30-Apr-19,63.58,64.75,63.3,63.91,63.91,"750,494"
29-Apr-19,62.95,63.69,62.46,63.5,63.5,"654,076"
26-Apr-19,65.13,65.18,62.28,63.3,63.3,"1,000,836"
25-Apr-19,65.81,66.28,64.9,65.21,65.21,"603,001"
24-Apr-19,66.17,66.43,65.66,65.89,65.89,"678,386"
23-Apr-19,65.75,66.6,65.58,66.3,66.3,"700,598"
22-Apr-19,64,65.92,64,65.7,65.7,"763,527"
18-Apr-19,63.75,64.16,63.46,64,64,"148,238"
17-Apr-19,64.32,64.61,63.66,63.76,63.76,"235,376"
16-Apr-19,63.57,64.37,62.99,64.05,64.05,"547,469"
15-Apr-19,63.76,63.84,63.03,63.4,63.4,"555,858"
12-Apr-19,63.71,64.65,63.66,63.89,63.89,"625,588"
11-Apr-19,64.48,64.49,63.31,63.58,63.58,"760,504"
10-Apr-19,64.22,64.7,64.05,64.61,64.61,"722,216"
9-Apr-19,64.4,64.79,63.68,63.98,63.98,"790,677"
8-Apr-19,63.33,64.48,63.13,64.4,64.4,"895,767"
5-Apr-19,62.18,63.34,61.82,63.08,63.08,"686,862"
4-Apr-19,62.5,62.77,61.89,62.1,62.1,"684,973"
3-Apr-19,62.64,62.99,62.05,62.46,62.46,"799,672"
2-Apr-19,61.81,62.75,61.6,62.58,62.58,"793,227"
1-Apr-19,60.24,61.8,60.13,61.59,61.59,"670,808"
29-Mar-19,59.53,60.73,59.41,60.14,60.14,"705,559"
28-Mar-19,59.4,59.56,58.2,59.3,59.3,"712,209"
27-Mar-19,60.03,60.22,58.81,59.41,59.41,"732,150"
26-Mar-19,59.12,60.38,59.04,59.94,59.94,"685,988"
25-Mar-19,58.98,59.35,58.17,58.82,58.82,"705,399"
22-Mar-19,59.87,60.07,58.28,59.04,59.04,"738,840"
21-Mar-19,59.99,60.39,59.66,59.98,59.98,"655,380"
20-Mar-19,59.02,60.12,58.39,59.83,59.83,"786,342"
19-Mar-19,59.01,59.57,58.62,59.03,59.03,"114,822"
18-Mar-19,58.45,59.23,58.05,59.09,59.09,"157,241"
15-Mar-19,58.51,58.95,57.74,58.52,58.52,"507,393"
14-Mar-19,58.35,58.74,58,58.61,58.61,"567,604"
13-Mar-19,57.09,58.48,57.01,58.26,58.26,"610,616"
12-Mar-19,56.76,57.55,56.74,56.87,56.87,"652,798"
11-Mar-19,56.07,57.01,55.96,56.79,56.79,"597,156"
8-Mar-19,56.43,56.51,54.52,56.07,56.07,"747,358"
7-Mar-19,56.2,56.99,56.08,56.66,56.66,"628,824"
6-Mar-19,56.28,56.4,55.42,56.22,56.22,"637,677"
5-Mar-19,56.45,57.19,56.09,56.56,56.56,"538,399"
4-Mar-19,55.83,57,55.81,56.59,56.59,"549,396"
1-Mar-19,57.22,57.88,55.57,55.8,55.8,"684,186"
28-Feb-19,57,57.43,56.43,57.22,57.22,"496,678"
27-Feb-19,55.95,57.39,55.72,56.94,56.94,"577,227"
26-Feb-19,55.46,56.08,55.02,55.5,55.5,"538,919"
25-Feb-19,57.17,57.53,55.08,55.48,55.48,"723,012"
22-Feb-19,56.84,57.81,56.71,57.26,57.26,"513,439"
21-Feb-19,57.24,57.61,56.64,56.96,56.96,"546,202"
20-Feb-19,55.94,57.55,55.48,56.92,56.92,"685,111"
19-Feb-19,55.78,56.33,55.29,56.09,56.09,"153,728"
15-Feb-19,54.48,55.87,54.24,55.59,55.59,"276,907"
14-Feb-19,53.96,54.68,53.08,54.41,54.41,"623,546"
13-Feb-19,53.35,54.6,53.27,53.9,53.9,"706,552"
12-Feb-19,52.47,54.05,52.29,53.1,53.1,"708,312"
11-Feb-19,52.66,52.78,51.23,52.41,52.41,"750,242"
8-Feb-19,52.59,52.99,52.08,52.72,52.72,"621,003"
7-Feb-19,53.94,54.21,51.8,52.64,52.64,"749,010"
6-Feb-19,53.73,54.3,52.86,54.01,54.01,"606,720"
5-Feb-19,54.86,55.21,53.47,53.66,53.66,"609,756"
4-Feb-19,55.32,55.75,53.29,54.56,54.56,"622,472"
1-Feb-19,54.01,55.66,53.37,55.26,55.26,"689,566"
31-Jan-19,54.28,55.37,53.62,53.79,53.79,"718,650"
30-Jan-19,53.24,54.93,53.09,54.23,54.23,"731,312"
29-Jan-19,52.12,53.93,51.84,53.31,53.31,"660,527"
28-Jan-19,53.56,53.64,51.33,51.99,51.99,"650,667"
25-Jan-19,53.17,53.94,52.91,53.69,53.69,"593,385"
24-Jan-19,52.45,53.47,52.07,53.13,53.13,"714,415"
23-Jan-19,52.95,53.64,51.86,52.62,52.62,"702,866"
22-Jan-19,53.73,54.24,51.8,52.57,52.57,"951,158"
18-Jan-19,52.23,53.92,52.09,53.8,53.8,"193,099"
17-Jan-19,52.3,52.58,50.98,52.07,52.07,"288,560"
16-Jan-19,52,52.52,51.26,52.31,52.31,"694,182"
15-Jan-19,50.78,52.3,50.64,52.11,52.11,"664,183"
14-Jan-19,51.73,52.11,50.38,50.51,50.51,"791,527"
11-Jan-19,52.28,53.31,51.18,51.59,51.59,"812,339"
10-Jan-19,52.18,52.78,51.37,52.59,52.59,"821,782"
9-Jan-19,49.8,52.58,49.71,52.36,52.36,"891,922"
8-Jan-19,48.73,49.95,48.31,49.78,49.78,"765,981"
7-Jan-19,48.3,49.79,48.11,48.52,48.52,"819,939"
4-Jan-19,46.9,49.22,46.65,47.96,47.96,"817,277"
3-Jan-19,46.26,47.49,45.35,47.09,47.09,"788,718"
2-Jan-19,45.8,47.78,44.35,46.54,46.54,"850,480"
31-Dec-18,45.22,46.53,44.73,45.41,45.41,"476,970"
28-Dec-18,45.44,46.22,44.42,45.33,45.33,"564,385"
27-Dec-18,46.58,46.7,44.37,44.61,44.61,"665,590"
26-Dec-18,42.85,47,42.52,46.22,46.22,"698,408"
24-Dec-18,45.45,46.24,42.36,42.53,42.53,"415,859"
21-Dec-18,46.25,46.77,45.13,45.59,45.59,"694,003"
20-Dec-18,47.39,47.51,45.67,45.88,45.88,"794,130"
19-Dec-18,45.93,48,45.93,47.2,47.2,"817,721"
18-Dec-18,49.16,49.59,45.79,46.24,46.24,"120,101"
17-Dec-18,51.25,51.87,49.01,49.88,49.88,"211,257"
14-Dec-18,52.83,52.95,50.84,51.2,51.2,"526,839"
13-Dec-18,51.2,53.27,50.35,52.58,52.58,"733,627"
12-Dec-18,51.95,52.88,50.94,51.15,51.15,"730,810"
11-Dec-18,50.89,52.43,50.7,51.65,51.65,"665,262"
10-Dec-18,52.03,52.81,50.53,51,51,"733,225"
7-Dec-18,51.76,54.22,50.6,52.61,52.61,"987,717"
6-Dec-18,52.93,53.3,50.08,51.49,51.49,"987,266"
4-Dec-18,53.13,54.55,52.43,53.25,53.25,"738,130"
3-Dec-18,52.45,53.85,52.03,52.95,52.95,"758,010"
30-Nov-18,51.27,51.79,49.65,50.93,50.93,"796,714"
29-Nov-18,50.31,52.2,49.41,51.45,51.45,"812,721"
28-Nov-18,52.09,52.56,50.06,50.29,50.29,"831,688"
27-Nov-18,51.54,52.38,50.3,51.56,51.56,"764,010"
26-Nov-18,50.62,52.25,50.1,51.63,51.63,"663,108"
23-Nov-18,53.87,54.12,50.15,50.42,50.42,"1,014,667"
21-Nov-18,53.39,55.86,53.39,54.63,54.63,"734,277"
20-Nov-18,57.39,57.44,52.77,53.43,53.43,"983,120"
19-Nov-18,56.72,57.33,55.08,56.76,56.76,"699,684"
16-Nov-18,56.58,57.96,55.89,56.46,56.46,"159,001"
15-Nov-18,56.02,57.26,55.59,56.46,56.46,"256,499"
14-Nov-18,55.27,57.37,55.13,56.25,56.25,"844,696"
13-Nov-18,58.88,59.35,54.75,55.69,55.69,"1,095,643"
12-Nov-18,60.7,61.28,58.68,59.93,59.93,"806,219"
9-Nov-18,60.75,60.79,59.26,60.19,60.19,"821,729"
8-Nov-18,61.64,62.42,60.4,60.67,60.67,"764,546"
7-Nov-18,61.74,63.18,61.2,61.67,61.67,"866,628"
6-Nov-18,62.7,63.32,61.31,62.21,62.21,"761,240"
5-Nov-18,62.99,64.14,62.52,63.1,63.1,"609,129"
2-Nov-18,63.5,63.95,62.63,63.14,63.14,"708,906"
1-Nov-18,64.88,65.39,63.11,63.69,63.69,"790,286"
31-Oct-18,66.32,67,64.81,65.31,65.31,"666,487"
30-Oct-18,66.68,67.26,65.33,66.18,66.18,"680,441"
29-Oct-18,67.55,67.95,66.29,67.04,67.04,"477,487"
26-Oct-18,66.95,67.88,66.2,67.59,67.59,"595,211"
25-Oct-18,66.36,67.65,65.99,67.33,67.33,"573,096"
24-Oct-18,66.17,67.72,66.05,66.82,66.82,"775,963"
23-Oct-18,69.55,69.66,65.74,66.43,66.43,"853,265"
22-Oct-18,69.41,69.65,68.27,69.17,69.17,"513,770"
19-Oct-18,68.68,69.77,68.56,69.12,69.12,"108,311"
18-Oct-18,70.03,70.03,68.47,68.65,68.65,"215,337"
17-Oct-18,72.17,72.43,69.43,69.75,69.75,"651,584"
16-Oct-18,71.72,72.29,71.02,71.92,71.92,"535,003"
15-Oct-18,71.85,72.7,70.85,71.78,71.78,"568,610"
12-Oct-18,70.99,72.01,70.64,71.34,71.34,"626,668"
11-Oct-18,72.68,72.76,70.51,70.97,70.97,"783,962"
10-Oct-18,74.66,75.08,72.38,73.17,73.17,"652,737"
9-Oct-18,74.21,75.28,74,74.96,74.96,"623,537"
8-Oct-18,74.4,74.58,73.07,74.29,74.29,"554,938"
5-Oct-18,74.67,75.22,73.84,74.34,74.34,"613,218"
4-Oct-18,76.18,76.47,73.88,74.33,74.33,"687,949"
3-Oct-18,75.12,76.9,74.3,76.41,76.41,"698,817"
2-Oct-18,75.42,75.91,74.93,75.23,75.23,"463,615"
1-Oct-18,73.29,75.77,72.95,75.3,75.3,"601,451"
28-Sep-18,72.18,73.73,71.88,73.25,73.25,"544,047"
27-Sep-18,72.01,72.6,71.71,72.12,72.12,"454,549"
26-Sep-18,72.09,72.38,71.47,71.57,71.57,"464,463"
25-Sep-18,72.25,72.78,71.89,72.28,72.28,"551,280"
24-Sep-18,71.14,72.74,71.14,72.08,72.08,"576,894"
21-Sep-18,70.2,71.8,69.98,70.78,70.78,"855,943"
20-Sep-18,71.39,71.81,70.73,70.8,70.8,"607,520"
19-Sep-18,69.71,71.5,69.65,71.12,71.12,"125,208"
18-Sep-18,68.8,70.42,68.53,69.85,69.85,"234,202"
17-Sep-18,68.93,69.72,68.53,68.91,68.91,"422,294"
14-Sep-18,68.79,69.91,67.94,68.99,68.99,"611,075"
13-Sep-18,70.24,70.28,68.35,68.59,68.59,"684,937"
12-Sep-18,69.89,71.26,69.5,70.37,70.37,"800,543"
11-Sep-18,67.53,70.01,67.48,69.25,69.25,"676,869"
10-Sep-18,67.82,68.52,67.33,67.54,67.54,"571,174"
7-Sep-18,67.88,68.08,66.86,67.75,67.75,"530,895"
6-Sep-18,68.64,69.02,67,67.77,67.77,"633,824"
5-Sep-18,69.43,69.59,68.56,68.72,68.72,"542,104"
4-Sep-18,70.12,71.4,69.08,69.87,69.87,"785,981"
31-Aug-18,70.06,70.36,69.64,69.8,69.8,"419,739"
30-Aug-18,69.71,70.5,69.55,70.25,70.25,"445,584"
29-Aug-18,68.54,69.76,68.37,69.51,69.51,"497,095"
28-Aug-18,68.93,69.2,68.21,68.53,68.53,"426,833"
27-Aug-18,68.57,68.97,68.34,68.87,68.87,"332,612"
24-Aug-18,67.9,69.31,67.78,68.72,68.72,"517,796"
23-Aug-18,68.07,68.12,67.32,67.83,67.83,"450,690"
22-Aug-18,66.08,68.15,65.98,67.86,67.86,"581,899"
21-Aug-18,66.62,68.1,66.52,67.35,67.35,"437,164"
20-Aug-18,65.91,66.68,65.59,66.43,66.43,"112,709"
17-Aug-18,65.47,66.39,65.3,65.91,65.91,"171,403"
16-Aug-18,64.95,65.52,64.43,65.46,65.46,"383,380"
15-Aug-18,66.62,66.9,64.51,65.01,65.01,"573,473"
14-Aug-18,67.42,68.37,66.58,67.04,67.04,"538,484"
13-Aug-18,67.78,67.95,65.71,67.2,67.2,"578,219"
10-Aug-18,66.74,67.87,66.14,67.63,67.63,"524,490"
9-Aug-18,66.79,67.41,66.49,66.81,66.81,"509,401"
8-Aug-18,69.09,69.37,66.32,66.94,66.94,"760,313"
7-Aug-18,68.9,69.83,68.81,69.17,69.17,"485,027"
6-Aug-18,68.65,69.92,68.5,69.01,69.01,"495,605"
3-Aug-18,68.99,69.24,67.87,68.49,68.49,"476,615"
2-Aug-18,67.86,69.36,66.92,68.96,68.96,"531,071"
1-Aug-18,68.43,68.52,67.31,67.66,67.66,"576,561"
31-Jul-18,70.05,70.22,67.98,68.76,68.76,"519,070"
30-Jul-18,69.01,70.43,68.8,70.13,70.13,"463,011"
27-Jul-18,69.58,69.77,68.26,68.69,68.69,"460,450"
26-Jul-18,69.38,69.92,68.92,69.61,69.61,"489,059"
25-Jul-18,68.77,69.7,68.2,69.3,69.3,"622,913"
24-Jul-18,67.8,69.05,67.56,68.52,68.52,"524,591"
23-Jul-18,68.17,69.31,67.6,67.89,67.89,"555,915"
20-Jul-18,69.39,71.1,69.37,70.46,70.46,"500,967"
19-Jul-18,69,70.17,67.8,69.46,69.46,"103,220"
18-Jul-18,67.61,69.06,67.04,68.76,68.76,"187,313"
17-Jul-18,68.03,68.44,67.03,68.08,68.08,"440,727"
16-Jul-18,70.52,70.87,67.58,68.06,68.06,"530,480"
13-Jul-18,70.38,71.66,69.84,71.01,71.01,"530,277"
12-Jul-18,70.6,71.24,69.23,70.33,70.33,"707,887"
11-Jul-18,74.2,74.26,70.02,70.38,70.38,"861,726"
10-Jul-18,74.04,74.7,73.65,74.11,74.11,"586,829"
9-Jul-18,73.87,74.28,72.99,73.85,73.85,"533,003"
6-Jul-18,73.16,74.01,72.14,73.8,73.8,"611,419"
5-Jul-18,74.35,74.8,72.53,72.94,72.94,"841,632"
3-Jul-18,74.08,75.27,72.73,74.14,74.14,"667,235"
2-Jul-18,73.62,74.35,72.51,73.94,73.94,"652,167"
29-Jun-18,73.33,74.46,72.93,74.15,74.15,"602,399"
28-Jun-18,72.27,74.03,72.2,73.45,73.45,"717,347"
27-Jun-18,70.68,73.06,70.56,72.76,72.76,"775,155"
26-Jun-18,68.21,70.91,67.72,70.53,70.53,"848,537"
25-Jun-18,68.75,69.44,67.78,68.08,68.08,"816,207"
22-Jun-18,65.93,69.38,65.71,68.58,68.58,"1,136,232"
21-Jun-18,65.34,66.22,64.34,65.54,65.54,"760,719"
20-Jun-18,65.11,66.53,65.01,66.22,66.22,"801,625"
19-Jun-18,65.82,65.9,64.39,65.07,65.07,"122,646"
18-Jun-18,64.4,65.98,63.59,65.85,65.85,"218,933"
15-Jun-18,66.62,67.16,64.29,65.06,65.06,"512,591"
14-Jun-18,66.62,67.16,66.36,66.89,66.89,"460,168"
13-Jun-18,66.01,66.89,65.52,66.64,66.64,"626,398"
12-Jun-18,66.05,66.7,65.87,66.36,66.36,"524,411"
11-Jun-18,65.56,66.35,64.85,66.1,66.1,"558,281"
8-Jun-18,65.98,66.24,65.15,65.74,65.74,"571,224"
7-Jun-18,65.07,66.07,64.81,65.95,65.95,"675,041"
6-Jun-18,65.51,65.96,64.27,64.73,64.73,"708,829"
5-Jun-18,64.94,65.57,64.22,65.52,65.52,"714,674"
4-Jun-18,65.71,66.04,64.57,64.75,64.75,"696,050"
1-Jun-18,67.07,67.34,65.51,65.81,65.81,"781,103"
31-May-18,68.24,68.3,66.56,67.04,67.04,"917,563"
30-May-18,66.85,68.67,66.35,68.21,68.21,"726,886"
29-May-18,66.49,67.35,65.92,66.73,66.73,"1,059,750"
25-May-18,70.65,70.8,67.42,67.88,67.88,"955,354"
24-May-18,71.83,72,70.52,70.71,70.71,"640,725"
23-May-18,72.11,72.26,71.19,71.84,71.84,"702,791"
22-May-18,72.53,72.83,71.9,72.13,72.13,"723,458"
21-May-18,71.47,72.59,71.25,72.24,72.24,"119,892"
18-May-18,71.6,71.75,70.99,71.28,71.28,"211,785"
17-May-18,71.56,72.3,71.09,71.49,71.49,"562,639"
16-May-18,71.02,71.59,70.66,71.49,71.49,"574,279"
15-May-18,71.15,71.92,70.42,71.31,71.31,"815,289"
14-May-18,70.54,71.26,70.26,70.96,70.96,"592,826"
11-May-18,71.45,71.63,70.45,70.7,70.7,"634,145"
10-May-18,71.23,71.89,70.56,71.36,71.36,"749,808"
9-May-18,70.05,71.36,69.85,71.14,71.14,"863,386"
8-May-18,70.03,70.4,67.63,69.06,69.06,"1,253,566"
7-May-18,69.85,70.84,69.51,70.73,70.73,"758,916"
4-May-18,68.5,69.97,68.12,69.72,69.72,"690,876"
3-May-18,67.68,68.6,67.21,68.43,68.43,"691,219"
2-May-18,67.49,68.14,66.92,67.93,67.93,"789,367"
1-May-18,68.56,68.9,66.85,67.25,67.25,"694,771"
30-Apr-18,68.15,69.34,67.17,68.57,68.57,"755,186"
27-Apr-18,68.21,68.36,67.64,68.1,68.1,"542,549"
26-Apr-18,68.03,68.78,67.71,68.19,68.19,"660,549"
25-Apr-18,67.75,68.18,67.11,68.05,68.05,"764,049"
24-Apr-18,68.95,69.38,67.54,67.7,67.7,"832,296"
23-Apr-18,68.22,69.03,67.14,68.64,68.64,"740,941"
20-Apr-18,68.26,68.62,67.5,68.38,68.38,"724,906"
19-Apr-18,68.75,69.56,67.98,68.29,68.29,"125,993"
18-Apr-18,66.68,68.91,66.56,68.47,68.47,"221,664"
17-Apr-18,66.42,66.75,65.56,66.52,66.52,"486,076"
16-Apr-18,67.24,67.74,66.13,66.22,66.22,"560,076"
13-Apr-18,67.18,67.76,66.7,67.39,67.39,"624,203"
12-Apr-18,66.75,67.33,66,67.07,67.07,"687,468"
11-Apr-18,65.59,67.45,65.15,66.82,66.82,"963,017"
10-Apr-18,63.3,65.86,63.2,65.51,65.51,"840,280"
9-Apr-18,62,63.61,61.93,63.42,63.42,"655,831"
6-Apr-18,63.7,63.79,61.81,62.06,62.06,"753,262"
5-Apr-18,63.6,64.12,63.07,63.54,63.54,"588,597"
4-Apr-18,63.59,63.64,62.06,63.37,63.37,"760,596"
3-Apr-18,62.89,63.86,62.86,63.51,63.51,"527,289"
2-Apr-18,64.91,65.42,62.8,63.01,63.01,"582,742"
29-Mar-18,64.69,65.26,64.16,64.94,64.94,"562,819"
28-Mar-18,64.7,65.13,63.72,64.38,64.38,"697,678"
27-Mar-18,65.53,66.41,64.53,65.25,65.25,"670,811"
26-Mar-18,65.9,66.55,65.08,65.55,65.55,"585,899"
23-Mar-18,64.28,66,64.11,65.88,65.88,"752,994"
22-Mar-18,65.5,65.74,64.14,64.3,64.3,"689,172"
21-Mar-18,63.72,65.55,63.58,65.17,65.17,"763,768"
20-Mar-18,62.1,63.81,62.08,63.4,63.4,"717,709"
19-Mar-18,62.23,62.35,61.36,62.06,62.06,"115,962"
16-Mar-18,61.19,62.54,61.08,62.34,62.34,"202,493"
15-Mar-18,60.95,61.54,60.82,61.19,61.19,"430,201"
14-Mar-18,60.87,61.33,60.11,60.96,60.96,"665,017"
13-Mar-18,61.37,61.97,60.27,60.71,60.71,"747,738"
12-Mar-18,62.1,62.33,60.67,61.36,61.36,"537,990"
9-Mar-18,60.27,62.18,60.14,62.04,62.04,"659,722"
8-Mar-18,61.33,61.4,59.95,60.12,60.12,"720,510"
7-Mar-18,62.3,62.58,60.58,61.15,61.15,"879,119"
6-Mar-18,62.58,63.28,62.17,62.6,62.6,"634,953"
5-Mar-18,61.55,62.79,61.1,62.57,62.57,"599,266"
2-Mar-18,61.34,61.6,60.13,61.25,61.25,"613,514"
1-Mar-18,61.55,61.83,60.18,60.99,60.99,"812,505"
28-Feb-18,62.79,63.44,61.36,61.64,61.64,"768,409"
27-Feb-18,64.06,64.08,62.64,63.01,63.01,"562,670"
26-Feb-18,63.6,64.24,63.06,63.91,63.91,"469,853"
23-Feb-18,62.6,63.73,62.33,63.55,63.55,"460,597"
22-Feb-18,61.34,63.09,60.75,62.77,62.77,"592,603"
21-Feb-18,61.63,61.86,60.92,61.68,61.68,"466,924"
20-Feb-18,61.63,62.74,61.58,61.9,61.9,"794,481"
16-Feb-18,61.45,61.99,60.88,61.68,61.68,"181,179"
15-Feb-18,60.71,61.64,59.72,61.34,61.34,"340,401"
14-Feb-18,58.98,60.9,58.2,60.6,60.6,"650,324"
13-Feb-18,59.35,59.73,58.39,59.19,59.19,"580,600"
12-Feb-18,59.12,60.83,59.1,59.29,59.29,"736,917"
9-Feb-18,60.43,60.77,58.07,59.2,59.2,"933,307"
8-Feb-18,61.7,62.09,60.27,61.15,61.15,"929,578"
7-Feb-18,63.92,64.18,61.25,61.79,61.79,"1,029,408"
6-Feb-18,63.43,64.29,63.12,63.39,63.39,"797,814"
5-Feb-18,65.1,65.4,63.42,64.15,64.15,"891,063"
2-Feb-18,65.99,66.3,64.47,65.45,65.45,"857,572"
1-Feb-18,64.76,66.25,64.63,65.8,65.8,"685,750"
31-Jan-18,64.03,64.94,63.67,64.73,64.73,"613,258"
30-Jan-18,65.53,65.56,63.89,64.5,64.5,"688,380"
29-Jan-18,66.18,66.46,64.98,65.56,65.56,"656,168"
26-Jan-18,65.25,66.35,64.91,66.14,66.14,"678,186"
25-Jan-18,65.88,66.66,65.08,65.51,65.51,"771,758"
24-Jan-18,64.42,66.05,64.34,65.61,65.61,"887,018"
23-Jan-18,63.88,64.88,63.7,64.47,64.47,"662,456"
22-Jan-18,63.61,64.14,63.17,63.49,63.49,"625,662"
19-Jan-18,63.74,63.77,62.85,63.37,63.37,"142,711"
18-Jan-18,64.07,64.35,63.47,63.95,63.95,"204,504"
17-Jan-18,63.89,64.17,63.31,63.97,63.97,"444,384"
16-Jan-18,64.43,64.89,63.39,63.73,63.73,"867,771"
12-Jan-18,63.57,64.5,63.06,64.3,64.3,"678,727"
11-Jan-18,63.5,64.77,63.43,63.8,63.8,"876,642"
10-Jan-18,63.41,63.67,63.09,63.57,63.57,"697,844"
9-Jan-18,61.92,63.48,61.8,62.96,62.96,"844,720"
8-Jan-18,61.61,61.97,61.34,61.73,61.73,"616,474"
5-Jan-18,61.9,62.04,61.09,61.44,61.44,"563,036"
4-Jan-18,61.96,62.21,61.59,62.01,62.01,"654,363"
3-Jan-18,60.39,61.97,60.28,61.63,61.63,"673,859"
2-Jan-18,60.2,60.74,60.1,60.37,60.37,"510,313"
29-Dec-17,59.91,60.51,59.82,60.42,60.42,"464,478"
28-Dec-17,59.53,59.94,59.44,59.84,59.84,"345,962"
27-Dec-17,59.79,59.93,59.33,59.64,59.64,"402,396"
26-Dec-17,58.4,60.01,58.32,59.97,59.97,"437,785"
22-Dec-17,58.21,58.5,57.87,58.47,58.47,"324,554"
21-Dec-17,58.02,58.38,57.63,58.36,58.36,"405,320"
20-Dec-17,57.66,58.12,57.44,58.09,58.09,"420,844"
19-Dec-17,57.3,57.64,57.16,57.46,57.46,"420,784"
18-Dec-17,57.37,57.78,56.82,57.16,57.16,"137,151"
15-Dec-17,57.15,57.49,56.94,57.3,57.3,"210,054"
14-Dec-17,56.7,57.22,56.09,57.04,57.04,"580,571"
13-Dec-17,57.45,57.83,56.55,56.6,56.6,"658,143"
12-Dec-17,58.02,58.56,56.85,57.14,57.14,"826,488"
11-Dec-17,57.25,58.08,56.91,57.99,57.99,"606,724"
8-Dec-17,56.65,57.79,56.54,57.36,57.36,"681,599"
7-Dec-17,56,56.78,55.82,56.69,56.69,"557,325"
6-Dec-17,57.45,57.57,55.87,55.96,55.96,"678,992"
5-Dec-17,57.48,57.92,57.08,57.62,57.62,"499,245"
4-Dec-17,58.32,58.34,57.35,57.47,57.47,"529,965"
1-Dec-17,57.42,58.88,57.29,58.36,58.36,"685,215"
30-Nov-17,57.41,57.98,56.82,57.4,57.4,"735,128"
29-Nov-17,57.73,58.3,56.75,57.3,57.3,"741,564"
28-Nov-17,57.86,58.11,57.42,57.99,57.99,"546,526"
27-Nov-17,58.95,58.99,57.55,58.11,58.11,"690,078"
24-Nov-17,58.05,59.05,57.75,58.95,58.95,"577,826"
22-Nov-17,57.12,58.15,57.03,58.02,58.02,"837,411"
21-Nov-17,56.38,57.22,56.32,56.83,56.83,"619,066"
20-Nov-17,56.69,56.76,55.57,56.09,56.09,"593,241"
17-Nov-17,55.25,56.68,55.18,56.55,56.55,"184,944"
16-Nov-17,55.3,55.62,54.93,55.14,55.14,"213,923"
15-Nov-17,55.06,55.56,54.88,55.33,55.33,"501,385"
14-Nov-17,56.72,56.77,54.81,55.7,55.7,"707,338"
13-Nov-17,56.9,57.15,56.3,56.76,56.76,"631,619"
10-Nov-17,57.02,57.35,56.55,56.74,56.74,"541,296"
9-Nov-17,56.85,57.53,56.69,57.17,57.17,"666,949"
8-Nov-17,56.96,57.92,56.41,56.81,56.81,"919,147"
7-Nov-17,57.27,57.69,56.83,57.2,57.2,"750,187"
6-Nov-17,55.97,57.61,55.66,57.35,57.35,"861,713"
3-Nov-17,54.73,55.76,54.4,55.64,55.64,"614,159"
2-Nov-17,54.28,54.84,53.99,54.54,54.54,"482,846"
1-Nov-17,54.65,55.22,53.89,54.3,54.3,"671,038"
31-Oct-17,54.08,54.85,53.93,54.38,54.38,"497,295"
30-Oct-17,54.16,54.46,53.75,54.15,54.15,"565,043"
27-Oct-17,52.8,54.2,52.25,53.9,53.9,"730,915"
26-Oct-17,52.19,52.86,51.91,52.64,52.64,"594,647"
25-Oct-17,52.56,52.57,51.89,52.18,52.18,"681,739"
24-Oct-17,51.89,52.62,51.55,52.47,52.47,"709,553"
23-Oct-17,52.07,52.3,51.68,51.9,51.9,"583,563"
20-Oct-17,51.42,51.73,50.7,51.47,51.47,"674,142"
19-Oct-17,52.05,52.17,51.07,51.29,51.29,"127,413"
18-Oct-17,51.94,52.33,51.69,52.04,52.04,"152,620"
17-Oct-17,51.93,52.25,51.21,51.88,51.88,"471,612"
16-Oct-17,51.43,52.37,51.35,51.87,51.87,"520,725"
13-Oct-17,50.73,51.72,50.7,51.45,51.45,"667,497"
12-Oct-17,51,51.13,50.15,50.6,50.6,"729,273"
11-Oct-17,50.94,51.42,50.61,51.3,51.3,"651,948"
10-Oct-17,49.55,51.06,49.54,50.92,50.92,"664,839"
9-Oct-17,49.25,49.79,49.13,49.58,49.58,"505,079"
6-Oct-17,50.75,50.82,49.1,49.29,49.29,"743,114"
5-Oct-17,49.88,51.22,49.85,50.79,50.79,"654,385"
4-Oct-17,50.16,50.67,49.76,49.98,49.98,"598,836"
3-Oct-17,50.59,50.73,50.14,50.42,50.42,"462,735"
2-Oct-17,51.64,51.71,50.07,50.58,50.58,"600,933"
29-Sep-17,51.58,51.77,51.25,51.67,51.67,"551,982"
28-Sep-17,52.05,52.86,51.22,51.56,51.56,"801,816"
27-Sep-17,52.09,52.34,51.63,52.14,52.14,"637,035"
26-Sep-17,52.12,52.43,51.43,51.88,51.88,"709,515"
25-Sep-17,50.68,52.28,50.39,52.22,52.22,"701,244"
22-Sep-17,50.73,50.78,50.29,50.66,50.66,"473,795"
21-Sep-17,50.72,50.81,50.07,50.55,50.55,"580,569"
20-Sep-17,49.84,50.65,49.75,50.41,50.41,"754,413"
19-Sep-17,49.91,50.42,49.33,49.48,49.48,"143,379"
18-Sep-17,49.85,50.33,49.19,49.91,49.91,"189,605"
15-Sep-17,49.72,50.13,49.41,49.89,49.89,"433,597"
14-Sep-17,49.31,50.5,49.15,49.89,49.89,"709,035"
13-Sep-17,48.34,49.4,48.12,49.3,49.3,"706,925"
12-Sep-17,48.12,48.44,47.73,48.23,48.23,"676,040"
11-Sep-17,47.58,48.27,47,48.07,48.07,"774,468"
8-Sep-17,49.09,49.26,47.27,47.48,47.48,"843,760"
7-Sep-17,49.14,49.33,48.63,49.09,49.09,"702,514"
6-Sep-17,48.59,49.42,48.52,49.16,49.16,"788,963"
5-Sep-17,47.28,48.98,47.15,48.66,48.66,"742,808"
1-Sep-17,47.08,47.35,46.56,47.29,47.29,"915,708"
31-Aug-17,45.95,47.47,45.58,47.23,47.23,"882,983"
30-Aug-17,46.31,46.72,45.84,45.96,45.96,"895,643"
29-Aug-17,46.86,46.96,45.76,46.44,46.44,"895,643"
28-Aug-17,47.89,48.2,46.15,46.57,46.57,"921,285"
25-Aug-17,47.62,47.91,47.39,47.87,47.87,"646,518"
24-Aug-17,48.36,48.43,47.06,47.43,47.43,"831,358"
23-Aug-17,47.64,48.5,47.53,48.41,48.41,"701,693"
22-Aug-17,47.45,48.03,47.2,47.64,47.64,"864,387"
21-Aug-17,48.72,48.75,47.03,47.37,47.37,"129,192"
18-Aug-17,46.93,48.74,46.78,48.51,48.51,"253,069"
17-Aug-17,46.8,47.19,46.46,47.09,47.09,"608,314"
16-Aug-17,47.72,47.99,46.67,46.78,46.78,"815,544"
15-Aug-17,47.49,47.9,47.02,47.55,47.55,"770,358"
14-Aug-17,48.79,49.16,47.43,47.59,47.59,"763,241"
11-Aug-17,48.52,48.98,47.98,48.82,48.82,"804,237"
10-Aug-17,49.68,50.22,48.35,48.59,48.59,"1,135,440"
9-Aug-17,49,49.72,48.9,49.56,49.56,"858,250"
8-Aug-17,49.31,49.79,48.86,49.17,49.17,"924,240"
7-Aug-17,49.59,49.73,48.54,49.39,49.39,"831,374"
4-Aug-17,48.95,49.64,48.5,49.58,49.58,"745,664"
3-Aug-17,49.59,49.96,48.78,49.03,49.03,"837,763"
2-Aug-17,48.8,49.65,48.55,49.59,49.59,"847,722"
1-Aug-17,50.21,50.43,48.37,49.16,49.16,"1,008,583"
31-Jul-17,49.85,50.41,49.18,50.17,50.17,"781,539"
28-Jul-17,49.17,49.81,48.86,49.71,49.71,"771,225"
27-Jul-17,48.7,49.24,48.25,49.04,49.04,"880,757"
26-Jul-17,48.51,48.87,47.86,48.75,48.75,"887,864"
25-Jul-17,46.46,48.66,46.38,47.89,47.89,"885,700"
24-Jul-17,45.62,46.53,45.4,46.34,46.34,"707,910"
21-Jul-17,46.91,47.21,45.54,45.77,45.77,"769,438"
20-Jul-17,47.09,47.55,46.66,46.79,46.79,"720,621"
19-Jul-17,46.25,47.26,46.14,47.12,47.12,"140,677"
18-Jul-17,45.99,46.92,45.81,46.4,46.4,"208,420"
17-Jul-17,46.68,46.88,45.89,46.02,46.02,"560,633"
14-Jul-17,46.08,46.74,45.8,46.54,46.54,"742,895"
13-Jul-17,45.44,46.28,44.99,46.08,46.08,"748,971"
12-Jul-17,45.74,46.48,45.11,45.49,45.49,"963,505"
11-Jul-17,44.58,45.81,43.83,45.04,45.04,"1,010,691"
10-Jul-17,44.35,44.84,43.65,44.4,44.4,"848,570"
7-Jul-17,45.35,45.42,43.78,44.23,44.23,"975,914"
6-Jul-17,45.65,46.53,45.18,45.52,45.52,"969,676"
5-Jul-17,47.04,47.32,44.51,45.13,45.13,"1,173,581"
3-Jul-17,46.28,47.1,45.92,47.07,47.07,"517,621"
30-Jun-17,44.89,46.35,44.88,46.04,46.04,"677,408"
29-Jun-17,44.89,45.45,44.65,44.93,44.93,"768,946"
28-Jun-17,43.7,44.9,43.67,44.74,44.74,"753,375"
27-Jun-17,43.49,44.44,43.32,44.24,44.24,"759,115"
26-Jun-17,43.16,43.65,42.63,43.38,43.38,"661,354"
23-Jun-17,42.8,43.2,42.53,43.01,43.01,"690,906"
22-Jun-17,42.55,43.32,42.26,42.74,42.74,"668,830"
21-Jun-17,43.38,44.2,42.05,42.53,42.53,"1,071,747"
20-Jun-17,44.11,44.4,42.75,43.23,43.23,"894,104"
19-Jun-17,44.68,45.06,44.05,44.2,44.2,"123,943"
16-Jun-17,44.25,44.94,44.24,44.74,44.74,"191,824"
15-Jun-17,44.69,44.81,44.22,44.46,44.46,"500,938"
14-Jun-17,45.94,46.49,44.54,44.73,44.73,"924,408"
13-Jun-17,46.01,46.57,45.56,46.46,46.46,"783,320"
12-Jun-17,45.8,46.71,45.66,46.08,46.08,"666,765"
9-Jun-17,45.71,46.18,45.27,45.83,45.83,"735,933"
8-Jun-17,45.85,46.18,45.2,45.64,45.64,"927,695"
7-Jun-17,47.98,48.23,45.65,45.72,45.72,"1,182,327"
6-Jun-17,47.4,48.4,46.94,48.19,48.19,"825,056"
5-Jun-17,47.71,48.42,46.86,47.4,47.4,"710,199"
2-Jun-17,48.04,48.19,46.74,47.66,47.66,"802,662"
1-Jun-17,48.63,49.17,47.9,48.36,48.36,"774,478"
31-May-17,49.65,49.71,47.73,48.32,48.32,"779,144"
30-May-17,49.93,50.28,49.03,49.66,49.66,"663,486"
26-May-17,48.75,49.94,48.18,49.8,49.8,"763,920"
25-May-17,51.25,52,48.45,48.9,48.9,"1,147,389"
24-May-17,51.44,51.88,51.03,51.36,51.36,"736,341"
23-May-17,51.04,51.79,50.57,51.47,51.47,"584,139"
22-May-17,50.6,51.06,50.44,50.73,50.73,"564,310"
19-May-17,49.28,50.53,49.28,50.33,50.33,"146,452"
18-May-17,48.93,49.6,48.05,49.35,49.35,"242,754"
17-May-17,48.23,49.5,48.03,49.07,49.07,"650,107"
16-May-17,48.82,49.38,48.17,48.66,48.66,"589,212"
15-May-17,47.85,49.66,47.75,48.85,48.85,"687,153"
12-May-17,47.81,48.07,47.35,47.84,47.84,"537,490"
11-May-17,47.39,48.22,47.34,47.83,47.83,"661,783"
10-May-17,46.18,47.78,46.01,47.33,47.33,"819,796"
9-May-17,46.49,46.78,45.53,45.88,45.88,"701,944"
8-May-17,46.35,46.98,45.73,46.43,46.43,"785,055"
5-May-17,45.51,46.68,43.76,46.22,46.22,"1,021,610"
4-May-17,47.6,47.75,45.29,45.52,45.52,"943,959"
3-May-17,48.12,48.23,47.3,47.82,47.82,"691,319"
2-May-17,48.78,49.28,47.35,47.66,47.66,"702,375"
1-May-17,49.17,49.32,48.59,48.84,48.84,"364,386"
28-Apr-17,49.27,49.76,48.8,49.33,49.33,"633,992"
27-Apr-17,49.22,49.43,48.2,48.97,48.97,"771,189"
26-Apr-17,49.36,50.2,48.94,49.62,49.62,"655,717"
25-Apr-17,49.22,49.83,48.87,49.56,49.56,"587,240"
24-Apr-17,49.68,50.22,49.03,49.23,49.23,"517,897"
21-Apr-17,50.71,50.93,49.2,49.62,49.62,"687,474"
20-Apr-17,50.63,50.97,50.18,50.27,50.27,"606,263"
19-Apr-17,52.36,52.65,50.09,50.44,50.44,"133,173"
18-Apr-17,52.75,52.85,52.1,52.41,52.41,"202,043"
17-Apr-17,52.97,53.21,52.55,52.65,52.65,"326,340"
13-Apr-17,52.85,53.39,52.82,53.18,53.18,"480,835"
12-Apr-17,53.4,53.76,52.71,53.11,53.11,"629,805"
11-Apr-17,53.13,53.45,52.7,53.4,53.4,"598,003"
10-Apr-17,52.31,53.18,52.29,53.08,53.08,"565,439"
7-Apr-17,51.7,52.94,51.49,52.24,52.24,"796,437"
6-Apr-17,50.8,51.82,50.77,51.7,51.7,"473,019"
5-Apr-17,51.18,51.88,50.74,51.15,51.15,"651,398"
4-Apr-17,50.24,51.3,49.88,51.03,51.03,"532,054"
3-Apr-17,50.69,50.83,50.12,50.24,50.24,"440,724"
31-Mar-17,50.32,50.85,49.9,50.6,50.6,"527,607"
30-Mar-17,49.6,50.47,49.27,50.35,50.35,"580,668"
29-Mar-17,48.47,49.63,48.38,49.51,49.51,"548,615"
28-Mar-17,47.89,48.74,47.8,48.37,48.37,"502,377"
27-Mar-17,48.12,48.28,47.08,47.73,47.73,"466,176"
24-Mar-17,47.67,48.2,47.54,47.97,47.97,"421,027"
23-Mar-17,48.15,48.48,47.58,47.7,47.7,"499,878"
22-Mar-17,48.16,48.32,47.01,48.04,48.04,"680,849"
21-Mar-17,47.93,48.73,47.23,47.34,47.34,"628,119"
20-Mar-17,48.7,48.74,47.84,48.22,48.22,"142,258"
17-Mar-17,48.79,49.2,48.6,48.78,48.78,"172,340"
16-Mar-17,49.01,49.62,48.45,48.75,48.75,"516,853"
15-Mar-17,48.76,49.04,48.16,48.86,48.86,"655,788"
14-Mar-17,48.45,48.79,47.09,47.72,47.72,"857,711"
13-Mar-17,48.45,48.68,47.9,48.4,48.4,"601,362"
10-Mar-17,49.61,50.11,48.31,48.49,48.49,"796,960"
9-Mar-17,50.22,50.84,48.59,49.28,49.28,"1,073,506"
8-Mar-17,52.79,52.92,50.05,50.28,50.28,"963,392"
7-Mar-17,53.17,53.8,52.71,53.14,53.14,"494,677"
6-Mar-17,53.19,53.56,52.76,53.2,53.2,"503,692"
3-Mar-17,52.58,53.39,52.55,53.33,53.33,"436,360"
2-Mar-17,53.69,53.8,52.54,52.61,52.61,"638,390"
1-Mar-17,53.95,54.44,53.63,53.83,53.83,"491,289"
28-Feb-17,54.04,54.23,53.18,54.01,54.01,"593,909"
27-Feb-17,54.02,54.61,53.94,54.05,54.05,"394,380"
24-Feb-17,54.33,54.51,53.76,53.99,53.99,"395,258"
23-Feb-17,53.91,54.94,53.87,54.45,54.45,"529,880"
22-Feb-17,54.26,54.6,53.35,53.59,53.59,"499,480"
21-Feb-17,53.48,54.68,53.35,54.06,54.06,"665,310"
17-Feb-17,53.47,53.52,52.88,53.4,53.4,"195,352"
16-Feb-17,53.01,53.59,52.68,53.36,53.36,"343,363"
15-Feb-17,53,53.51,52.73,53.11,53.11,"463,638"
14-Feb-17,52.91,53.72,52.86,53.2,53.2,"493,022"
13-Feb-17,53.8,53.95,52.77,52.93,52.93,"586,034"
10-Feb-17,53.15,54.13,52.9,53.86,53.86,"596,449"
9-Feb-17,52.37,53.21,52.37,53,53,"610,196"
8-Feb-17,51.64,52.67,51.22,52.34,52.34,"767,379"
7-Feb-17,53.14,53.24,51.63,52.17,52.17,"624,057"
6-Feb-17,53.81,54.13,52.91,53.01,53.01,"425,085"
3-Feb-17,53.68,54.22,53.4,53.83,53.83,"462,616"
2-Feb-17,53.57,54.34,53.35,53.54,53.54,"492,553"
1-Feb-17,52.76,53.91,52.64,53.88,53.88,"577,243"
31-Jan-17,52.6,53.56,52.24,52.81,52.81,"586,676"
30-Jan-17,53.15,53.46,52.41,52.63,52.63,"486,309"
27-Jan-17,53.74,54.08,52.58,53.17,53.17,"495,556"
26-Jan-17,52.96,54.06,52.79,53.78,53.78,"578,065"
25-Jan-17,52.95,53.47,52.56,52.75,52.75,"589,709"
24-Jan-17,52.86,53.56,52.67,53.18,53.18,"520,285"
23-Jan-17,53.33,53.47,52.21,52.75,52.75,"455,333"
20-Jan-17,51.45,52.9,51.39,52.42,52.42,"567,231"
19-Jan-17,51.39,51.87,51.02,51.37,51.37,"122,593"
18-Jan-17,52.52,52.79,50.91,51.08,51.08,"236,238"
17-Jan-17,52.55,53.52,52.12,52.48,52.48,"606,023"
13-Jan-17,53.05,53.17,52.27,52.37,52.37,"477,986"
12-Jan-17,52.37,53.5,52.12,53.01,53.01,"660,703"
11-Jan-17,50.81,52.78,50.75,52.25,52.25,"815,846"
10-Jan-17,51.83,52.37,50.71,50.82,50.82,"632,573"
9-Jan-17,53.75,53.83,51.76,51.96,51.96,"564,893"
6-Jan-17,53.73,54.32,53.32,53.99,53.99,"528,333"
5-Jan-17,53.39,54.12,52.79,53.76,53.76,"517,362"
4-Jan-17,52.49,53.43,52.15,53.26,53.26,"512,641"
3-Jan-17,54.2,55.24,52.11,52.33,52.33,"727,793"
30-Dec-16,53.87,54.09,53.41,53.72,53.72,"271,094"
29-Dec-16,53.66,54.21,53.46,53.77,53.77,"360,194"
28-Dec-16,53.93,54.37,53.56,54.06,54.06,"322,535"
27-Dec-16,53.29,54.1,53.03,53.9,53.9,"277,306"
23-Dec-16,52.68,53.28,52.26,53.02,53.02,"285,166"
22-Dec-16,52.52,53.19,52.08,52.95,52.95,"393,487"
21-Dec-16,53.56,53.79,52.32,52.49,52.49,"471,993"
20-Dec-16,52.11,52.7,51.85,52.23,52.23,"416,592"
19-Dec-16,52.15,52.52,51.51,52.12,52.12,"129,990"
16-Dec-16,51.1,52.08,50.5,51.9,51.9,"252,567"
15-Dec-16,50.79,51.48,49.95,50.9,50.9,"551,759"
14-Dec-16,52.45,52.78,50.67,51.04,51.04,"677,957"
13-Dec-16,52.51,53.41,52.35,52.98,52.98,"638,396"
12-Dec-16,52.58,54.51,52.18,52.83,52.83,"847,025"
9-Dec-16,50.92,51.66,50.86,51.5,51.5,"652,040"
8-Dec-16,49.88,50.98,49.61,50.84,50.84,"780,062"
7-Dec-16,50.93,51.2,49.72,49.77,49.77,"816,879"
6-Dec-16,50.97,51.6,50.28,50.93,50.93,"642,746"
5-Dec-16,51.46,52.42,50.93,51.79,51.79,"600,782"
2-Dec-16,51.01,51.73,50.18,51.68,51.68,"667,099"
1-Dec-16,49.07,51.8,48.98,51.06,51.06,"974,805"
30-Nov-16,45.24,49.9,45.22,49.44,49.44,"1,311,000"
29-Nov-16,46.88,46.98,44.82,45.23,45.23,"732,818"
28-Nov-16,45.43,47.65,45.14,47.08,47.08,"734,381"
25-Nov-16,47.97,48.26,45.88,46.06,46.06,"465,977"
23-Nov-16,47.94,48.43,47.4,47.96,47.96,"556,861"
22-Nov-16,48.37,49.2,47.17,48.03,48.03,"826,208"
21-Nov-16,45.83,47.8,45.77,47.49,47.49,"665,326"
18-Nov-16,44.93,45.77,44.55,45.69,45.69,"155,651"
17-Nov-16,45.37,46.58,44.88,45.42,45.42,"284,874"
16-Nov-16,45.77,46.41,45.03,45.57,45.57,"658,169"
15-Nov-16,43.76,46.09,43.55,45.81,45.81,"706,177"
14-Nov-16,43.2,43.81,42.2,43.32,43.32,"704,766"
10-Nov-16,45.31,45.64,44.25,44.66,44.66,"686,338"
9-Nov-16,44.82,45.95,43.07,45.27,45.27,"946,512"
8-Nov-16,44.97,45.39,44.41,44.98,44.98,"669,639"
7-Nov-16,44.45,45.01,44.11,44.89,44.89,"605,733"
4-Nov-16,44.63,44.87,43.57,44.07,44.07,"736,685"
3-Nov-16,45.48,45.9,44.37,44.66,44.66,"540,439"
2-Nov-16,46.32,46.47,44.96,45.34,45.34,"674,322"
1-Nov-16,46.77,47.35,46.2,46.67,46.67,"834,989"
31-Oct-16,48.25,48.74,46.63,46.86,46.86,"649,237"
28-Oct-16,49.61,49.81,48.42,48.7,48.7,"550,081"
27-Oct-16,49.22,50.06,49,49.72,49.72,"543,173"
26-Oct-16,49.31,50.1,48.87,49.18,49.18,"679,320"
25-Oct-16,50.49,50.93,49.27,49.96,49.96,"553,778"
24-Oct-16,50.85,50.98,49.62,50.52,50.52,"623,398"
21-Oct-16,50.66,51.02,50.21,50.85,50.85,"551,300"
20-Oct-16,51.4,51.58,50.25,50.43,50.43,"548,947"
19-Oct-16,50.77,51.93,50.69,51.6,51.6,"132,427"
18-Oct-16,50.04,50.78,49.76,50.29,50.29,"192,803"
17-Oct-16,50.23,50.58,49.47,49.94,49.94,"418,723"
14-Oct-16,50.58,51.14,49.9,50.35,50.35,"519,431"
13-Oct-16,50,50.59,49.36,50.44,50.44,"740,676"
12-Oct-16,50.84,51.17,49.89,50.18,50.18,"533,884"
11-Oct-16,51.1,51.54,50.39,50.79,50.79,"765,608"
7-Oct-16,50.59,50.74,49.4,49.81,49.81,"618,809"
6-Oct-16,49.65,50.63,49.33,50.44,50.44,"547,915"
5-Oct-16,49.26,49.97,49.1,49.83,49.83,"520,070"
4-Oct-16,48.65,49.26,48.26,48.69,48.69,"513,710"
3-Oct-16,48.04,49.02,47.78,48.81,48.81,"458,021"
30-Sep-16,47.76,48.3,47.04,48.24,48.24,"496,515"
29-Sep-16,47.2,48.32,46.6,47.83,47.83,"702,649"
28-Sep-16,44.96,47.45,44.35,47.05,47.05,"1,008,434"
27-Sep-16,45.62,45.96,44.19,44.67,44.67,"630,757"
26-Sep-16,44.62,46.2,44.43,45.93,45.93,"527,119"
23-Sep-16,46.07,46.55,44.22,44.48,44.48,"718,395"
22-Sep-16,45.62,46.52,45.52,46.32,46.32,"521,680"
21-Sep-16,44.5,45.65,44.5,45.34,45.34,"585,987"
20-Sep-16,43.13,44.05,42.55,43.44,43.44,"694,130"
19-Sep-16,43.18,44.15,43.12,43.3,43.3,"129,857"
16-Sep-16,43.71,43.75,42.74,43.03,43.03,"231,191"
15-Sep-16,43.7,44.34,43.26,43.91,43.91,"537,185"
14-Sep-16,45,45.33,43.42,43.58,43.58,"705,861"
13-Sep-16,46.06,46.13,44.77,44.9,44.9,"657,775"
12-Sep-16,45.57,46.51,44.72,46.29,46.29,"745,016"
9-Sep-16,47.36,47.36,45.56,45.88,45.88,"688,191"
8-Sep-16,46.12,47.75,45.77,47.62,47.62,"761,943"
7-Sep-16,44.85,46.17,44.55,45.5,45.5,"572,884"
6-Sep-16,44.15,46.53,43.84,44.83,44.83,"932,145"
2-Sep-16,43.55,44.67,43.16,44.44,44.44,"576,915"
1-Sep-16,44.85,45.08,43,43.16,43.16,"605,003"
31-Aug-16,46.24,46.41,44.51,44.7,44.7,"549,007"
30-Aug-16,46.98,47.49,46.21,46.35,46.35,"464,449"
29-Aug-16,47.22,47.28,46.62,46.98,46.98,"309,254"
26-Aug-16,47.37,48.46,46.94,47.64,47.64,"558,344"
25-Aug-16,46.8,47.46,46.42,47.33,47.33,"458,816"
24-Aug-16,47.59,47.74,46.45,46.77,46.77,"603,495"
23-Aug-16,47.39,48.32,46.59,48.1,48.1,"623,904"
22-Aug-16,48.4,48.4,46.75,47.05,47.05,"515,256"
19-Aug-16,48.33,48.75,47.93,48.52,48.52,"162,438"
18-Aug-16,46.9,48.38,46.63,48.22,48.22,"229,277"
17-Aug-16,46.37,46.95,45.84,46.79,46.79,"563,354"
16-Aug-16,45.59,46.73,45.34,46.58,46.58,"550,440"
15-Aug-16,44.74,45.93,44.38,45.74,45.74,"522,526"
12-Aug-16,43.46,44.78,43.31,44.49,44.49,"536,081"
11-Aug-16,41.48,43.86,41.1,43.49,43.49,"682,235"
10-Aug-16,42.74,43.39,41.42,41.71,41.71,"676,148"
9-Aug-16,42.83,43.52,42.47,42.77,42.77,"624,703"
8-Aug-16,41.99,43.39,41.81,43.02,43.02,"562,530"
5-Aug-16,41.84,42.1,41.06,41.8,41.8,"550,189"
4-Aug-16,41.16,42.08,40.43,41.93,41.93,"598,836"
3-Aug-16,39.7,41.2,39.19,40.83,40.83,"655,186"
2-Aug-16,40.08,40.91,39.26,39.51,39.51,"534,512"
1-Aug-16,41.35,41.88,39.82,40.06,40.06,"533,020"
29-Jul-16,41.12,41.67,40.57,41.6,41.6,"478,763"
28-Jul-16,41.93,42.22,41.04,41.14,41.14,"447,913"
27-Jul-16,42.66,43.2,41.68,41.92,41.92,"537,390"
26-Jul-16,43.07,43.39,42.36,42.92,42.92,"461,324"
25-Jul-16,44.2,44.37,42.97,43.13,43.13,"389,837"
22-Jul-16,44.6,44.97,43.74,44.19,44.19,"428,407"
21-Jul-16,45.65,46.09,44.52,44.75,44.75,"432,972"
20-Jul-16,44.59,45.25,43.69,44.94,44.94,"541,014"
19-Jul-16,45.23,45.67,44.53,44.65,44.65,"128,127"
18-Jul-16,46.12,46.14,44.86,45.24,45.24,"211,393"
15-Jul-16,45.52,46.33,45.05,45.95,45.95,"430,256"
14-Jul-16,45.14,45.8,44.95,45.68,45.68,"573,761"
13-Jul-16,46.58,46.71,44.56,44.75,44.75,"686,245"
12-Jul-16,44.58,46.93,44.51,46.8,46.8,"658,257"
11-Jul-16,45.07,45.77,44.42,44.76,44.76,"533,657"
8-Jul-16,45.19,45.97,44.77,45.41,45.41,"583,078"
7-Jul-16,47.88,48.25,44.87,45.14,45.14,"710,893"
6-Jul-16,46.83,47.95,45.92,47.43,47.43,"607,663"
5-Jul-16,49.11,49.35,46.33,46.6,46.6,"609,194"
1-Jul-16,48.38,49.3,47.9,48.99,48.99,"405,187"
30-Jun-16,49.55,49.62,48.17,48.33,48.33,"508,736"
29-Jun-16,48.06,50,47.98,49.88,49.88,"511,476"
28-Jun-16,46.59,48.18,46.54,47.85,47.85,"498,851"
27-Jun-16,47.81,47.96,45.83,46.33,46.33,"504,613"
24-Jun-16,50.3,50.45,46.7,47.64,47.64,"649,446"
23-Jun-16,49.08,50.23,49.08,50.11,50.11,"401,885"
22-Jun-16,50.22,50.54,48.4,49.13,49.13,"569,939"
21-Jun-16,49.14,49.32,48.16,48.85,48.85,"475,407"
20-Jun-16,48.29,49.42,48.14,49.37,49.37,"98,293"
17-Jun-16,45.99,48.29,45.83,47.98,47.98,"226,653"
16-Jun-16,47.45,47.75,45.91,46.21,46.21,"507,910"
15-Jun-16,47.9,48.72,47.28,48.01,48.01,"527,870"
14-Jun-16,48.52,48.69,47.84,48.49,48.49,"456,144"
13-Jun-16,48.85,49.28,48.16,48.88,48.88,"506,036"
10-Jun-16,50.47,50.73,48.8,49.07,49.07,"596,119"
9-Jun-16,51.45,51.67,50.23,50.56,50.56,"560,723"
8-Jun-16,50.41,51.62,50.32,51.23,51.23,"656,416"
7-Jun-16,49.71,50.53,49.44,50.36,50.36,"542,254"
6-Jun-16,48.88,49.9,48.71,49.69,49.69,"450,472"
3-Jun-16,49.04,49.41,48.33,48.62,48.62,"481,034"
2-Jun-16,48.9,49.47,47.97,49.17,49.17,"564,846"
1-Jun-16,48.82,49.25,47.75,49.01,49.01,"568,839"
31-May-16,49.54,50.1,48.81,49.1,49.1,"476,988"
27-May-16,49.31,49.6,48.69,49.33,49.33,"406,386"
26-May-16,49.7,50.21,49.22,49.48,49.48,"488,465"
25-May-16,49.09,49.75,48.65,49.56,49.56,"550,501"
24-May-16,48.08,49.27,47.64,48.62,48.62,"475,965"
23-May-16,48.46,48.5,47.4,48.08,48.08,"475,453"
20-May-16,48.2,48.79,47.44,47.75,47.75,"538,047"
19-May-16,47.87,48.28,46.73,48.16,48.16,"108,816"
18-May-16,48.53,48.95,47.75,48.19,48.19,"343,184"
17-May-16,47.9,48.76,47.53,48.31,48.31,"470,440"
16-May-16,46.28,47.98,46.15,47.72,47.72,"550,863"
13-May-16,46.41,46.49,45.75,46.21,46.21,"519,363"
12-May-16,46,47.02,45.61,46.7,46.7,"715,102"
11-May-16,44.6,46.36,43.96,46.23,46.23,"869,957"
10-May-16,43.25,44.79,43.03,44.66,44.66,"709,415"
9-May-16,45,45.94,43.24,43.44,43.44,"767,568"
6-May-16,44.52,45.34,43.54,44.66,44.66,"695,306"
5-May-16,44.04,46.07,43.96,44.32,44.32,"746,159"
4-May-16,43.85,44.88,43.22,43.78,43.78,"711,125"
3-May-16,44.92,45.35,43.32,43.65,43.65,"625,551"
2-May-16,45.9,46.15,44.54,44.78,44.78,"464,027"
29-Apr-16,45.9,46.78,45.24,45.92,45.92,"598,439"
28-Apr-16,45.3,46.14,44.94,46.03,46.03,"487,412"
27-Apr-16,44.64,45.62,43.77,45.33,45.33,"648,028"
26-Apr-16,42.96,44.83,42.5,44.04,44.04,"564,392"
25-Apr-16,43.75,44.04,42.58,42.64,42.64,"606,383"
22-Apr-16,43.42,44.45,43.11,43.73,43.73,"575,107"
21-Apr-16,43.97,44.49,43.05,43.18,43.18,"671,103"
20-Apr-16,40.8,42.91,39.85,42.63,42.63,"796,240"
19-Apr-16,40.04,41.53,39.58,41.08,41.08,"101,734"
18-Apr-16,38.75,40.24,37.61,39.78,39.78,"342,463"
15-Apr-16,41.43,41.73,39.98,40.36,40.36,"520,146"
14-Apr-16,41.54,42.16,40.84,41.5,41.5,"488,614"
13-Apr-16,41.63,42.42,41.24,41.76,41.76,"730,437"
12-Apr-16,40.35,42.25,40.09,42.17,42.17,"796,837"
11-Apr-16,39.72,40.75,39.25,40.36,40.36,"679,351"
8-Apr-16,37.52,39.84,37.45,39.72,39.72,"817,230"
7-Apr-16,37.76,38.3,36.69,37.26,37.26,"626,749"
6-Apr-16,36.52,37.9,36.43,37.75,37.75,"751,048"
5-Apr-16,35.5,36.58,35.24,35.89,35.89,"485,543"
4-Apr-16,36.61,37.21,35.46,35.7,35.7,"549,477"
1-Apr-16,38.14,38.56,36.63,36.79,36.79,"547,190"
31-Mar-16,38.3,39.04,37.57,38.34,38.34,"532,152"
30-Mar-16,38.52,39.85,38.14,38.32,38.32,"542,469"
29-Mar-16,39.32,39.48,37.91,38.28,38.28,"488,032"
28-Mar-16,39.55,40.14,38.86,39.39,39.39,"299,775"
24-Mar-16,39.73,39.77,38.33,39.46,39.46,"495,168"
23-Mar-16,41.19,41.34,39.67,39.79,39.79,"492,003"
22-Mar-16,41.59,41.9,40.77,41.45,41.45,"463,693"
21-Mar-16,39.06,40.3,38.61,39.91,39.91,"479,337"
18-Mar-16,40.25,41.2,39.15,39.44,39.44,"130,151"
17-Mar-16,38.59,40.36,38.47,40.2,40.2,"298,013"
16-Mar-16,36.74,38.63,36.61,38.46,38.46,"494,174"
15-Mar-16,37.37,37.4,35.96,36.34,36.34,"446,100"
14-Mar-16,38.17,38.77,36.68,37.18,37.18,"489,938"
11-Mar-16,37.99,39.02,37.92,38.5,38.5,"564,791"
10-Mar-16,38.17,38.48,37.21,37.84,37.84,"701,435"
9-Mar-16,36.36,38.51,36.24,38.29,38.29,"740,632"
8-Mar-16,37.94,38.39,36.12,36.5,36.5,"706,933"
7-Mar-16,36.2,38.11,36.09,37.9,37.9,"709,870"
4-Mar-16,34.66,36.34,34.4,35.92,35.92,"578,290"
3-Mar-16,34.73,35.32,34.19,34.57,34.57,"512,962"
2-Mar-16,33.89,35.17,33.55,34.66,34.66,"597,834"
1-Mar-16,33.9,34.76,33.37,34.4,34.4,"566,226"
29-Feb-16,32.72,33.98,32.32,33.75,33.75,"512,468"
26-Feb-16,33.04,34.69,32.64,32.78,32.78,"646,294"
25-Feb-16,32.19,33.49,31.07,33.07,33.07,"611,874"
24-Feb-16,31.28,32.4,30.56,32.15,32.15,"652,245"
23-Feb-16,33.34,33.53,31.22,31.87,31.87,"539,379"
22-Feb-16,29.72,32.05,29.48,31.48,31.48,"521,016"
19-Feb-16,30.6,30.73,29.05,29.64,29.64,"103,202"
18-Feb-16,31.35,31.98,30.27,30.77,30.77,"225,497"
17-Feb-16,29.14,31.49,28.73,30.66,30.66,"578,639"
16-Feb-16,29.08,31.53,28.7,29.04,29.04,"651,956"
15-Feb-16,-,-,-,-,-,-
12-Feb-16,27.3,29.66,26.95,29.44,29.44,"675,157"
11-Feb-16,27.34,27.48,26.05,26.21,26.21,"795,965"
10-Feb-16,28.36,29.22,27.24,27.45,27.45,"781,280"
9-Feb-16,30.17,30.61,27.74,27.94,27.94,"738,219"
8-Feb-16,30.97,31.38,29.57,29.69,29.69,"603,646"
5-Feb-16,31.64,32.45,30.63,30.89,30.89,"616,531"
4-Feb-16,32.71,33.6,31.53,31.72,31.72,"696,721"
3-Feb-16,29.75,32.75,29.4,32.28,32.28,"811,699"
2-Feb-16,31.37,31.53,29.57,29.88,29.88,"602,564"
1-Feb-16,33.83,34.18,31.29,31.62,31.62,"595,612"
29-Jan-16,33.7,34.4,32.65,33.62,33.62,"618,110"
28-Jan-16,32.19,34.82,31.74,33.22,33.22,"833,378"
27-Jan-16,30.55,32.84,30.14,32.3,32.3,"738,551"
26-Jan-16,29.81,32.41,29.25,31.45,31.45,"642,432"
25-Jan-16,32.05,32.74,29.68,30.34,30.34,"606,892"
22-Jan-16,29.84,32.35,29.53,32.19,32.19,"636,573"
21-Jan-16,28.35,30.25,27.87,29.53,29.53,"694,040"
20-Jan-16,28.33,28.58,26.19,26.55,26.55,"690,039"
19-Jan-16,29.2,30.21,28.21,28.46,28.46,"188,026"
18-Jan-16,-,-,-,-,-,-
15-Jan-16,31.18,31.18,29.13,29.42,29.42,"329,094"
14-Jan-16,30.6,31.77,30.28,31.2,31.2,"537,906"
13-Jan-16,30.54,31.71,30.1,30.48,30.48,"637,903"
12-Jan-16,31.11,32.21,29.93,30.44,30.44,"627,218"
11-Jan-16,32.94,33.2,30.88,31.41,31.41,"648,640"
8-Jan-16,33.3,34.34,32.64,33.16,33.16,"596,496"
7-Jan-16,34.09,34.26,32.1,33.27,33.27,"617,409"
6-Jan-16,36.18,36.39,33.77,33.97,33.97,"563,811"
5-Jan-16,36.9,37.1,35.74,35.97,35.97,"410,131"
4-Jan-16,37.6,38.39,36.33,36.76,36.76,"431,985"
31-Dec-15,36.81,37.79,36.22,37.04,37.04,"283,623"
30-Dec-15,37.36,37.4,36.4,36.6,36.6,"267,912"
29-Dec-15,36.7,37.94,36.66,37.87,37.87,"241,945"
28-Dec-15,38,38.09,36.6,36.81,36.81,"220,644"
24-Dec-15,37.86,38.28,37.38,38.1,38.1,"205,873"
23-Dec-15,36.47,37.95,36.28,37.5,37.5,"374,658"
22-Dec-15,35.8,36.54,35.66,36.14,36.14,"302,263"
21-Dec-15,34.58,34.86,33.98,34.74,34.74,"298,080"
18-Dec-15,34.87,35.57,34.29,34.73,34.73,"116,038"
17-Dec-15,35.8,35.84,34.63,34.95,34.95,"196,227"
16-Dec-15,36.79,37.35,35.29,35.52,35.52,"402,967"
15-Dec-15,36.32,37.88,36.03,37.35,37.35,"474,159"
14-Dec-15,35.4,36.7,34.53,36.31,36.31,"550,476"
11-Dec-15,36.63,36.84,35.16,35.62,35.62,"505,406"
10-Dec-15,37.27,37.54,36.38,36.76,36.76,"513,940"
9-Dec-15,37.86,38.99,36.87,37.16,37.16,"646,166"
8-Dec-15,37.68,38.58,36.64,37.51,37.51,"767,184"
7-Dec-15,40.1,40.15,37.5,37.65,37.65,"635,413"
4-Dec-15,41.31,42,39.6,39.97,39.97,"510,758"
3-Dec-15,40.15,41.78,40.07,41.08,41.08,"496,884"
2-Dec-15,41.69,41.97,39.84,39.94,39.94,"545,289"
1-Dec-15,41.73,42.23,41.17,41.85,41.85,"415,537"
30-Nov-15,41.77,42.61,41.5,41.65,41.65,"369,509"
27-Nov-15,43.25,43.3,41.67,41.71,41.71,"316,475"
25-Nov-15,42.69,43.25,41.72,43.04,43.04,"383,158"
24-Nov-15,42.04,43.46,41.86,42.87,42.87,"430,304"
23-Nov-15,41.49,42.75,40.41,41.75,41.75,"516,190"
20-Nov-15,40.54,40.99,38.99,40.39,40.39,"432,642"
19-Nov-15,40.72,41.05,39.89,40.54,40.54,"131,356"
18-Nov-15,41.11,41.55,39.91,40.75,40.75,"251,518"
17-Nov-15,41.96,42.03,40.58,40.67,40.67,"363,714"
16-Nov-15,40.92,42.25,40.06,41.74,41.74,"535,179"
13-Nov-15,41.61,42.84,40.22,40.74,40.74,"480,893"
12-Nov-15,43.05,43.33,41.54,41.75,41.75,"545,351"
11-Nov-15,43.63,44.11,42.62,42.93,42.93,"502,371"
10-Nov-15,44.1,44.76,43.57,44.21,44.21,"445,973"
9-Nov-15,44.52,45.12,43.64,43.87,43.87,"487,992"
6-Nov-15,45.41,45.64,44.11,44.29,44.29,"448,133"
5-Nov-15,46.57,46.65,45.12,45.2,45.2,"437,646"
4-Nov-15,47.74,48.28,46.17,46.32,46.32,"459,307"
3-Nov-15,46.11,48.36,45.96,47.9,47.9,"434,574"
2-Nov-15,46.43,46.73,45.56,46.14,46.14,"305,518"
30-Oct-15,45.74,47.03,45.48,46.59,46.59,"363,307"
29-Oct-15,46.06,46.79,45.16,46.06,46.06,"436,513"
28-Oct-15,43.44,46.22,43.06,45.94,45.94,"521,518"
27-Oct-15,43.78,43.91,42.58,43.2,43.2,"370,825"
26-Oct-15,44.74,44.94,43.64,43.98,43.98,"302,084"
23-Oct-15,45.44,45.75,44.2,44.6,44.6,"406,577"
22-Oct-15,45.27,46.1,44.9,45.38,45.38,"322,742"
21-Oct-15,45.88,46.08,44.86,45.2,45.2,"384,288"
20-Oct-15,46.25,46.52,45.23,45.55,45.55,"361,314"
19-Oct-15,47.27,47.49,45.85,45.89,45.89,"125,840"
16-Oct-15,46.87,47.5,46.16,47.26,47.26,"198,127"
15-Oct-15,46.28,47.02,45.23,46.38,46.38,"370,940"
14-Oct-15,46.69,46.96,45.94,46.64,46.64,"348,241"
13-Oct-15,47.46,48.43,46.44,46.66,46.66,"465,388"
12-Oct-15,49.51,50.13,47.04,47.1,47.1,"408,663"
9-Oct-15,49.69,50.92,49.17,49.63,49.63,"508,680"
8-Oct-15,48.11,50.07,47.76,49.43,49.43,"509,760"
7-Oct-15,49,49.71,47.7,47.81,47.81,"547,488"
6-Oct-15,46.2,49.08,45.73,48.53,48.53,"453,101"
5-Oct-15,45.65,46.94,45.21,46.26,46.26,"323,061"
2-Oct-15,45.07,45.81,43.97,45.54,45.54,"420,740"
1-Oct-15,45.38,47.1,44.63,44.74,44.74,"478,979"
30-Sep-15,44.92,45.85,44.68,45.09,45.09,"355,853"
29-Sep-15,44.5,45.7,44.3,45.23,45.23,"265,176"
28-Sep-15,45.38,45.5,44.3,44.43,44.43,"273,906"
25-Sep-15,45.05,46.38,44.86,45.7,45.7,"338,622"
24-Sep-15,44.62,45.18,43.71,44.91,44.91,"371,976"
23-Sep-15,46.54,47.15,44.41,44.48,44.48,"411,957"
22-Sep-15,46.45,46.48,45.14,45.83,45.83,"345,875"
21-Sep-15,44.97,46.74,44.69,46.68,46.68,"104,528"
18-Sep-15,46.89,47.03,44.24,44.68,44.68,"211,301"
17-Sep-15,47.13,47.71,46.33,46.9,46.9,"366,390"
16-Sep-15,45.16,47.35,44.82,47.15,47.15,"421,981"
15-Sep-15,44.11,45.25,43.92,44.59,44.59,"335,953"
14-Sep-15,44.78,44.97,43.59,44,44,"326,269"
11-Sep-15,45.71,45.88,44.16,44.63,44.63,"395,838"
10-Sep-15,44.16,46.04,43.36,45.92,45.92,"498,992"
9-Sep-15,45.79,46.26,44.05,44.15,44.15,"422,735"
8-Sep-15,45.82,46.41,44.14,45.94,45.94,"508,815"
4-Sep-15,46.68,47.23,45.61,46.05,46.05,"385,631"
3-Sep-15,46.11,48.42,45.65,46.75,46.75,"539,450"
2-Sep-15,44.26,46.77,43.21,46.25,46.25,"689,301"
1-Sep-15,48.1,48.87,44.15,45.41,45.41,"713,418"
31-Aug-15,45,49.33,43.6,49.2,49.2,"757,503"
28-Aug-15,42.68,45.9,41.78,45.22,45.22,"666,328"
27-Aug-15,38.96,42.86,38.95,42.56,42.56,"533,682"
26-Aug-15,39.69,39.86,38.52,38.6,38.6,"368,722"
25-Aug-15,38.18,39.89,38.16,39.31,39.31,"375,650"
24-Aug-15,40.3,40.47,37.75,38.24,38.24,"468,366"
21-Aug-15,41.03,41.4,39.86,40.45,40.45,"377,181"
20-Aug-15,40.58,41.48,40.21,41.14,41.14,"380,433"
19-Aug-15,42.41,42.68,40.4,40.8,40.8,"107,578"
18-Aug-15,41.88,42.9,41.43,42.62,42.62,"200,185"
17-Aug-15,42.18,42.69,41.64,41.87,41.87,"314,275"
14-Aug-15,42.23,42.96,41.35,42.5,42.5,"317,211"
13-Aug-15,43.34,43.72,41.91,42.23,42.23,"420,146"
12-Aug-15,43.27,43.87,42.8,43.3,43.3,"492,271"
11-Aug-15,44.81,45.34,42.69,43.08,43.08,"538,005"
10-Aug-15,43.58,45.01,43.35,44.96,44.96,"491,433"
7-Aug-15,44.82,45.16,43.7,43.87,43.87,"400,070"
6-Aug-15,45.16,45.27,44.2,44.66,44.66,"360,977"
5-Aug-15,45.96,46.7,44.83,45.15,45.15,"367,326"
4-Aug-15,45.35,46.23,45.29,45.74,45.74,"285,786"
3-Aug-15,46.86,46.94,45.08,45.17,45.17,"371,085"
31-Jul-15,48.47,48.62,46.7,47.12,47.12,"334,474"
30-Jul-15,48.83,49.36,48.34,48.52,48.52,"247,662"
29-Jul-15,47.81,49.52,47.39,48.79,48.79,"366,893"
28-Jul-15,47.02,48.44,46.68,47.98,47.98,"338,107"
27-Jul-15,48,48.2,46.91,47.39,47.39,"273,614"
24-Jul-15,48.79,49.03,47.72,48.14,48.14,"278,233"
23-Jul-15,49.23,49.63,48.21,48.45,48.45,"316,060"
22-Jul-15,50.71,50.71,49.04,49.19,49.19,"347,986"
21-Jul-15,49.95,51.02,49.77,50.36,50.36,"254,321"
20-Jul-15,50.76,51.26,49.85,50.15,50.15,"102,597"
17-Jul-15,50.91,51.23,50.14,50.89,50.89,"203,485"
16-Jul-15,51.62,52.17,50.84,50.91,50.91,"319,167"
15-Jul-15,53.4,53.5,51.21,51.41,51.41,"334,563"
14-Jul-15,52,53.43,50.88,53.04,53.04,"422,756"
13-Jul-15,52.15,53.17,51.26,52.2,52.2,"359,477"
10-Jul-15,52.48,53.89,51.96,52.74,52.74,"349,075"
9-Jul-15,51.83,53.54,51.48,52.78,52.78,"382,334"
8-Jul-15,52.91,52.96,50.91,51.65,51.65,"434,752"
7-Jul-15,52.75,53.43,50.58,52.33,52.33,"527,267"
6-Jul-15,54.9,55.34,52.41,52.53,52.53,"540,608"
2-Jul-15,56.87,57.95,56.5,56.93,56.93,"297,050"
1-Jul-15,58.98,58.98,56.68,56.96,56.96,"373,405"
30-Jun-15,58.27,59.69,57.94,59.47,59.47,"282,475"
29-Jun-15,58.84,59.27,58.04,58.33,58.33,"286,035"
26-Jun-15,59.66,59.96,58.76,59.63,59.63,"231,957"
25-Jun-15,60.22,60.46,59.43,59.7,59.7,"222,341"
24-Jun-15,61.14,61.57,59.8,60.27,60.27,"312,985"
23-Jun-15,60.21,61.49,59.55,61.01,61.01,"336,224"
22-Jun-15,59.44,60.3,58.93,59.68,59.68,"255,306"
19-Jun-15,60.5,60.56,58.88,59.61,59.61,"116,656"
18-Jun-15,59.78,60.89,59.25,60.45,60.45,"181,875"
17-Jun-15,60.03,61.38,58.85,59.92,59.92,"396,155"
16-Jun-15,59.6,60.37,59.42,59.97,59.97,"233,935"
15-Jun-15,59.9,59.98,58.73,59.52,59.52,"275,187"
12-Jun-15,60.55,60.63,59.73,59.96,59.96,"246,898"
11-Jun-15,61.14,61.53,60.21,60.77,60.77,"352,421"
10-Jun-15,60.58,61.82,60.45,61.43,61.43,"459,765"
9-Jun-15,58.31,60.68,58.23,60.14,60.14,"405,486"
8-Jun-15,58.96,59.13,57.86,58.14,58.14,"339,845"
5-Jun-15,57.99,59.23,56.83,59.13,59.13,"461,016"
4-Jun-15,59.57,59.94,57.83,58,58,"363,345"
3-Jun-15,61.02,61.43,59.34,59.64,59.64,"371,298"
2-Jun-15,60.18,61.58,60.09,61.26,61.26,"344,508"
1-Jun-15,60.29,60.64,59.33,60.2,60.2,"292,189"
29-May-15,57.97,60.7,57.72,60.3,60.3,"452,222"
28-May-15,57.63,58.07,56.51,57.68,57.68,"340,682"
27-May-15,58.32,58.95,57.36,57.51,57.51,"314,917"
26-May-15,60.05,60.25,57.71,58.03,58.03,"330,128"
22-May-15,60.66,60.8,59.35,59.72,59.72,"230,307"
21-May-15,58.81,60.94,58.69,60.72,60.72,"329,765"
20-May-15,58.32,59.04,58.1,58.98,58.98,"287,129"
19-May-15,59.54,59.63,57.09,57.26,57.26,"336,779"
18-May-15,59.85,60.88,59.06,59.43,59.43,"144,389"
15-May-15,59.67,59.97,58.42,59.69,59.69,"222,089"
14-May-15,60.1,60.84,59.36,59.88,59.88,"361,432"
13-May-15,61.23,61.85,60.02,60.5,60.5,"426,835"
12-May-15,59.27,61.36,59.12,60.75,60.75,"397,345"
11-May-15,59.43,59.85,58.75,59.25,59.25,"332,694"
8-May-15,59.02,59.9,58.14,59.39,59.39,"434,575"
7-May-15,60.69,61.31,58.49,58.94,58.94,"437,022"
6-May-15,60.72,62.58,60.54,60.93,60.93,"423,583"
5-May-15,58.95,61.1,58.63,60.4,60.4,"389,743"
4-May-15,59.3,59.73,58.45,58.93,58.93,"215,046"
1-May-15,59.79,59.9,58.32,59.15,59.15,"244,753"
30-Apr-15,58.55,59.85,58.38,59.63,59.63,"340,322"
29-Apr-15,56.93,59.33,56.54,58.58,58.58,"411,097"
28-Apr-15,56.65,57.83,56.07,57.06,57.06,"281,864"
27-Apr-15,57.3,57.89,56.52,56.99,56.99,"250,558"
24-Apr-15,57.53,57.95,56.5,57.15,57.15,"328,322"
23-Apr-15,56.28,58.41,55.76,57.74,57.74,"415,569"
22-Apr-15,56.34,57.19,55.73,56.16,56.16,"329,631"
21-Apr-15,56.41,56.91,55.01,55.26,55.26,"354,244"
20-Apr-15,56.16,57.17,54.85,56.38,56.38,"112,382"
17-Apr-15,56.56,56.88,55.31,55.74,55.74,"230,623"
16-Apr-15,55.92,57.42,55.07,56.71,56.71,"413,134"
15-Apr-15,53.55,56.69,53.39,56.39,56.39,"508,904"
14-Apr-15,52.05,53.79,51.83,53.29,53.29,"431,026"
13-Apr-15,51.81,53.1,51.47,51.91,51.91,"375,534"
10-Apr-15,50.73,51.93,50.08,51.64,51.64,"395,135"
9-Apr-15,51,52.07,50.51,50.79,50.79,"449,531"
8-Apr-15,53.18,53.23,50.37,50.42,50.42,"552,627"
7-Apr-15,51.95,54.13,51.17,53.98,53.98,"548,870"
6-Apr-15,49.47,52.24,49.47,52.14,52.14,"325,282"
2-Apr-15,49.59,50.27,48.11,49.14,49.14,"453,394"
1-Apr-15,47.55,50.45,47.05,50.09,50.09,"451,104"
31-Mar-15,48.73,48.73,47.28,47.6,47.6,"365,748"
30-Mar-15,48.57,49.16,47.61,48.68,48.68,"355,866"
27-Mar-15,51.01,51.38,48.21,48.87,48.87,"384,092"
26-Mar-15,49.02,52.48,48.73,51.43,51.43,"515,277"
25-Mar-15,47.72,49.46,47,49.21,49.21,"398,795"
24-Mar-15,47.46,48.56,46.67,47.51,47.51,"309,553"
23-Mar-15,46.41,47.61,45.33,47.45,47.45,"292,417"
20-Mar-15,43.99,46.53,43.31,45.72,45.72,"379,180"
19-Mar-15,44.6,44.71,42.75,43.96,43.96,"106,907"
18-Mar-15,42.51,45.34,42.03,44.66,44.66,"220,638"
17-Mar-15,43.84,44.2,42.41,43.46,43.46,"346,310"
16-Mar-15,44.81,45,42.85,43.88,43.88,"367,600"
13-Mar-15,46.93,47.28,44.75,44.84,44.84,"395,722"
12-Mar-15,48.44,48.76,46.86,47.05,47.05,"358,381"
11-Mar-15,48.77,49.05,47.33,48.17,48.17,"404,590"
10-Mar-15,50.08,50.36,48.2,48.29,48.29,"395,761"
9-Mar-15,49.6,50.79,49.25,50,50,"409,877"
6-Mar-15,50.89,51.22,48.88,49.61,49.61,"406,840"
5-Mar-15,51.62,52.4,50.61,50.76,50.76,"370,953"
4-Mar-15,50.61,51.99,49.6,51.53,51.53,"463,989"
3-Mar-15,49.8,50.83,49.45,50.52,50.52,"370,597"
2-Mar-15,49.45,51.04,48.71,49.59,49.59,"427,177"
27-Feb-15,48.97,49.94,48.46,49.76,49.76,"399,494"
26-Feb-15,51,51.22,47.8,48.17,48.17,"459,584"
25-Feb-15,49.16,51.28,48.43,50.99,50.99,"429,524"
24-Feb-15,49.42,50.33,48.68,49.28,49.28,"293,101"
23-Feb-15,50.75,50.99,48.67,49.45,49.45,"475,383"
20-Feb-15,51.24,51.85,49.91,50.34,50.34,"366,125"
19-Feb-15,50.55,52.14,49.15,51.16,51.16,"125,210"
18-Feb-15,53.24,53.41,50.32,52.14,52.14,"257,476"
17-Feb-15,52.75,54.15,50.81,53.53,53.53,"518,799"
13-Feb-15,51.35,53.43,51.03,52.78,52.78,"437,072"
12-Feb-15,49.42,51.6,49.14,51.21,51.21,"563,662"
11-Feb-15,50.98,51.14,48.05,48.84,48.84,"519,272"
10-Feb-15,52.43,52.65,49.86,50.02,50.02,"501,701"
9-Feb-15,52.01,53.99,51.65,52.86,52.86,"536,364"
6-Feb-15,50.86,53.16,50.72,51.69,51.69,"584,976"
5-Feb-15,48.67,52.1,47.36,50.48,50.48,"596,851"
4-Feb-15,51.67,52.56,47.95,48.45,48.45,"577,515"
3-Feb-15,49.79,54.24,49.69,53.05,53.05,"644,919"
2-Feb-15,47.59,50.56,46.67,49.57,49.57,"511,409"
30-Jan-15,44.63,48.35,44.31,48.24,48.24,"454,142"
29-Jan-15,44.43,44.96,43.58,44.53,44.53,"300,732"
28-Jan-15,45.83,45.83,44.08,44.45,44.45,"365,440"
27-Jan-15,45.13,46.55,44.81,46.23,46.23,"313,141"
26-Jan-15,45.2,46.41,44.35,45.15,45.15,"310,638"
23-Jan-15,46.63,47.76,45.21,45.59,45.59,"374,289"
22-Jan-15,47.35,49.09,45.87,46.31,46.31,"426,829"
21-Jan-15,46.69,48.2,46.55,47.78,47.78,"340,252"
20-Jan-15,48.69,48.77,45.89,46.39,46.39,"438,892"
16-Jan-15,46.35,48.87,45.95,48.69,48.69,"175,626"
15-Jan-15,48.6,51.27,46.07,46.25,46.25,"478,340"
14-Jan-15,46.16,48.91,45.01,48.48,48.48,"510,252"
13-Jan-15,45.69,46.79,44.2,45.89,45.89,"476,541"
12-Jan-15,48.19,48.19,45.62,46.07,46.07,"394,946"
9-Jan-15,48.92,49.61,47.16,48.36,48.36,"421,007"
8-Jan-15,48.78,49.65,47.73,48.79,48.79,"362,081"
7-Jan-15,48,49.31,46.83,48.65,48.65,"460,083"
6-Jan-15,50,50.37,47.55,47.93,47.93,"451,642"
5-Jan-15,52.61,52.73,49.68,50.04,50.04,"375,782"
2-Jan-15,53.76,55.11,52.03,52.69,52.69,"268,708"
